id,first_name,last_name,email,gender,ip_address
1,Terry,Vokes,tvokes0@bizjournals.com,Female,95.150.217.62
2,Ebonee,Linturn,elinturn1@scribd.com,Female,228.185.129.251
3,Viva,Errey,verrey2@cmu.edu,Polygender,237.146.172.232
4,Ethe,Rawling,erawling3@mapy.cz,Male,61.39.56.238
5,Patten,Kesper,pkesper4@printfriendly.com,Male,148.17.25.58
6,Rodolfo,Gettins,rgettins5@cloudflare.com,Male,143.45.148.200
7,Carlene,Trayhorn,ctrayhorn6@multiply.com,Female,88.184.8.114
8,Lynn,Aston,laston7@drupal.org,Male,72.135.208.247
9,Angelo,Wall,awall8@drupal.org,Male,120.116.50.137
10,Andras,Aubry,aaubry9@nifty.com,Male,225.181.149.87
11,Jacinda,Quilter,jquiltera@ezinearticles.com,Female,77.117.151.171
12,Tonye,Masser,tmasserb@pen.io,Female,146.33.159.62
13,Chris,Teal,ctealc@businessinsider.com,Male,225.190.17.128
14,Nonie,Dot,ndotd@a8.net,Polygender,87.88.170.117
15,Bee,Kenderdine,bkenderdinee@hud.gov,Female,30.255.92.166
16,Bruce,Drewry,bdrewryf@businessinsider.com,Male,182.71.182.72
17,Muffin,Bakhrushkin,mbakhrushking@mayoclinic.com,Male,189.177.73.27
18,Amerigo,Scrace,ascraceh@bandcamp.com,Male,210.197.2.130
19,Arel,Tappin,atappini@godaddy.com,Male,97.10.188.100
20,Herb,Petersen,hpetersenj@blog.com,Male,155.131.17.220
21,Rupert,Rudgard,rrudgardk@gizmodo.com,Male,53.84.123.105
22,Chane,Billingsley,cbillingsleyl@is.gd,Male,197.107.200.221
23,Mina,Deadman,mdeadmanm@t.co,Female,253.171.213.65
24,Sella,Liggett,sliggettn@linkedin.com,Female,15.177.179.147
25,Arron,Leethem,aleethemo@addthis.com,Male,208.39.243.122
26,Elaina,Drinkhall,edrinkhallp@jimdo.com,Female,91.125.103.52
27,Fannie,Calverley,fcalverleyq@ed.gov,Female,88.97.116.30
28,Barth,Houdmont,bhoudmontr@geocities.com,Male,120.118.189.223
29,Dorthea,Sheaber,dsheabers@g.co,Female,77.0.111.35
30,Bea,Berr,bberrt@msu.edu,Female,96.27.237.240
31,Shell,Smeuin,ssmeuinu@howstuffworks.com,Female,14.129.84.123
32,Agnella,Sandcroft,asandcroftv@dedecms.com,Female,180.167.70.151
33,Nell,Obee,nobeew@census.gov,Female,52.176.230.235
34,Marty,Akast,makastx@wikipedia.org,Male,194.26.96.183
35,Aliza,Ayto,aaytoy@hexun.com,Female,228.47.206.225
36,Pearle,Icke,pickez@privacy.gov.au,Female,139.101.230.224
37,Papagena,Hagley,phagley10@tumblr.com,Female,212.157.115.96
38,Garey,Clampin,gclampin11@taobao.com,Male,214.98.244.55
39,Finley,Machan,fmachan12@theglobeandmail.com,Male,62.215.71.124
40,Reynold,Jakeman,rjakeman13@google.com.au,Polygender,190.77.182.158
41,Nathaniel,Litherland,nlitherland14@xinhuanet.com,Male,69.138.235.5
42,Reg,Gowdridge,rgowdridge15@1und1.de,Male,200.174.5.122
43,Hamil,Duchart,hduchart16@chicagotribune.com,Bigender,39.138.40.206
44,Analiese,Webb,awebb17@hugedomains.com,Female,192.120.88.223
45,Henka,Dulling,hdulling18@nature.com,Female,114.232.218.96
46,Brigham,Cordingley,bcordingley19@theatlantic.com,Male,131.211.54.90
47,Shell,Broddle,sbroddle1a@cpanel.net,Female,162.44.144.73
48,Deane,Jenman,djenman1b@soup.io,Male,117.153.77.135
49,Denis,Nevitt,dnevitt1c@unc.edu,Male,162.39.31.86
50,Elysha,Halfacre,ehalfacre1d@storify.com,Female,70.196.224.158
51,Othello,Baselio,obaselio1e@ow.ly,Male,68.19.13.111
52,Bette,Glennard,bglennard1f@miitbeian.gov.cn,Female,34.67.152.7
53,George,De Lasci,gdelasci1g@mozilla.com,Female,149.41.64.190
54,Innis,Camin,icamin1h@sogou.com,Male,187.20.107.51
55,Kizzee,Murcutt,kmurcutt1i@goo.gl,Female,5.222.188.108
56,Jard,Berthod,jberthod1j@constantcontact.com,Male,91.175.202.229
57,Giffard,Fretter,gfretter1k@istockphoto.com,Male,111.156.173.210
58,Virgie,Ravenshaw,vravenshaw1l@amazonaws.com,Male,196.126.81.70
59,Krishna,Doddemeede,kdoddemeede1m@xinhuanet.com,Male,0.199.55.145
60,Camilla,Godrich,cgodrich1n@harvard.edu,Genderfluid,123.149.63.124
61,Tiebold,Lindholm,tlindholm1o@livejournal.com,Male,23.34.110.31
62,Veronica,Roswarne,vroswarne1p@furl.net,Bigender,81.165.142.238
63,Carlos,Heustace,cheustace1q@dot.gov,Male,57.72.38.185
64,Lynsey,Raddish,lraddish1r@wired.com,Female,227.18.38.15
65,Eugine,Pickworth,epickworth1s@youtube.com,Female,190.40.241.80
66,Hestia,Favill,hfavill1t@abc.net.au,Female,172.216.227.39
67,Meredithe,Molloy,mmolloy1u@sourceforge.net,Female,227.179.217.82
68,Chevy,Klimek,cklimek1v@chron.com,Male,134.64.232.36
69,Colas,Normabell,cnormabell1w@java.com,Male,132.172.107.85
70,Boris,Matts,bmatts1x@diigo.com,Male,194.162.88.188
71,Jess,Leehane,jleehane1y@foxnews.com,Female,193.5.188.50
72,Randene,Mucillo,rmucillo1z@list-manage.com,Female,79.240.193.4
73,Alric,Monro,amonro20@scientificamerican.com,Male,138.112.163.31
74,Norina,Karys,nkarys21@infoseek.co.jp,Female,174.118.135.233
75,Renell,Cape,rcape22@guardian.co.uk,Bigender,91.132.17.190
76,Julian,Cropp,jcropp23@1688.com,Male,134.226.233.195
77,Ossie,Dales,odales24@unicef.org,Male,50.164.87.201
78,Meade,Miche,mmiche25@illinois.edu,Female,121.33.203.76
79,Priscilla,Axford,paxford26@hexun.com,Agender,32.151.221.163
80,Shaylyn,Harmour,sharmour27@google.de,Female,125.75.15.56
81,Wayland,Cracoe,wcracoe28@so-net.ne.jp,Male,12.211.46.118
82,Mirna,Garshore,mgarshore29@unblog.fr,Female,155.56.8.149
83,Abbie,McCaughen,amccaughen2a@paginegialle.it,Female,119.236.20.210
84,Isidro,Dougill,idougill2b@europa.eu,Male,19.103.53.233
85,Toinette,Kilmister,tkilmister2c@hud.gov,Female,70.222.52.76
86,Saraann,Fitchett,sfitchett2d@cdbaby.com,Female,69.201.53.17
87,Allyce,Isacke,aisacke2e@alibaba.com,Female,90.125.163.64
88,Rebeca,Shortland,rshortland2f@i2i.jp,Female,137.43.92.53
89,Perle,McInulty,pmcinulty2g@mashable.com,Female,7.78.224.159
90,Molli,Seller,mseller2h@scientificamerican.com,Polygender,96.62.126.171
91,Ginevra,Tilsley,gtilsley2i@forbes.com,Female,3.33.80.240
92,Sigmund,Firbank,sfirbank2j@smh.com.au,Male,148.147.48.229
93,Gerda,Gladbach,ggladbach2k@soup.io,Female,205.53.48.26
94,Garth,MacMenamy,gmacmenamy2l@google.de,Male,191.167.254.232
95,Trina,Edlington,tedlington2m@last.fm,Female,255.92.222.83
96,Drew,Kadwallider,dkadwallider2n@amazon.de,Male,94.40.170.69
97,Ave,Vize,avize2o@mail.ru,Male,81.169.218.166
98,Maxy,Willishire,mwillishire2p@yandex.ru,Agender,92.205.220.137
99,Edgar,Koppelmann,ekoppelmann2q@whitehouse.gov,Male,201.212.73.127
100,Rosemaria,Woodger,rwoodger2r@nhs.uk,Female,87.134.214.220
