id,first_name,last_name,email,gender,ip_address
1101,Dolli,Gillespey,dgillespey0@vk.com,Female,207.118.181.233
1102,Gilda,Kingett,gkingett1@1und1.de,Female,132.105.102.200
1103,Imojean,McReidy,imcreidy2@paypal.com,Female,15.225.136.49
1104,Minetta,Bruckstein,mbruckstein3@symantec.com,Female,49.107.232.177
1105,Asher,Melhuish,amelhuish4@people.com.cn,Male,73.206.255.243
1106,Kesley,Sydney,ksydney5@xinhuanet.com,Female,225.194.6.23
1107,Patton,Probart,pprobart6@list-manage.com,Male,159.147.11.48
1108,Essie,Fader,efader7@japanpost.jp,Female,140.8.179.6
1109,Leanora,Marchello,lmarchello8@meetup.com,Female,228.135.52.2
1110,Benedikta,Ebbings,bebbings9@domainmarket.com,Female,156.220.169.81
1111,Tiff,Kryszka,tkryszkaa@comsenz.com,Female,31.50.180.206
1112,Wye,Le-Good,wlegoodb@com.com,Male,77.232.42.14
1113,Fayth,Cristofanini,fcristofaninic@trellian.com,Female,5.131.224.41
1114,Annamarie,Drinnan,adrinnand@cbc.ca,Female,68.69.126.30
1115,Courtney,Okroy,cokroye@networkadvertising.org,Male,52.137.34.12
1116,Jinny,Kemmons,jkemmonsf@cnn.com,Female,223.181.228.165
1117,Malvin,Bicknell,mbicknellg@cbslocal.com,Male,102.89.134.83
1118,Clim,Grindle,cgrindleh@webs.com,Male,75.130.172.144
1119,Kacie,Trenbey,ktrenbeyi@yelp.com,Female,193.130.115.21
1120,Boycey,Wetherburn,bwetherburnj@diigo.com,Male,247.61.62.161
1121,Augusto,Chafer,achaferk@harvard.edu,Male,81.175.136.208
1122,Rooney,Adkin,radkinl@fda.gov,Male,188.44.152.56
1123,Cordelia,Kilalea,ckilaleam@chron.com,Female,182.141.223.177
1124,Humfrey,Kenewel,hkeneweln@discovery.com,Male,245.68.67.184
1125,Crawford,Guittet,cguitteto@cbsnews.com,Male,233.154.96.230
1126,Colby,Harkes,charkesp@scribd.com,Male,163.194.225.31
1127,Cecilla,Alasdair,calasdairq@unicef.org,Female,226.116.229.222
1128,Jemmie,Bello,jbellor@usgs.gov,Female,41.95.131.237
1129,Abigale,Fraine,afraines@sciencedirect.com,Female,118.11.77.80
1130,Troy,Willars,twillarst@about.com,Male,43.250.48.220
1131,Upton,Hebborn,uhebbornu@goodreads.com,Male,233.64.135.59
1132,Marta,Wehnerr,mwehnerrv@columbia.edu,Female,110.155.78.49
1133,Renae,Maccrie,rmaccriew@goo.gl,Female,63.104.107.234
1134,Drusi,Stares,dstaresx@deviantart.com,Female,101.220.105.29
1135,Jamie,Morratt,jmorratty@google.cn,Agender,80.239.25.31
1136,Alvira,Casado,acasadoz@topsy.com,Female,35.202.250.213
1137,Anestassia,Taleworth,ataleworth10@tmall.com,Female,93.245.191.62
1138,Tandie,Gasnoll,tgasnoll11@mozilla.com,Bigender,251.86.73.244
1139,Simone,Lethbridge,slethbridge12@hugedomains.com,Female,133.2.114.62
1140,Yance,Moreno,ymoreno13@surveymonkey.com,Bigender,81.218.220.104
1141,Olivero,McKean,omckean14@artisteer.com,Bigender,45.8.63.154
1142,Chick,Hess,chess15@alexa.com,Male,189.128.139.211
1143,Tonye,Sebrook,tsebrook16@google.ca,Female,45.151.249.42
1144,Claribel,Halm,chalm17@infoseek.co.jp,Female,218.110.148.180
1145,Celestyn,Soares,csoares18@scribd.com,Genderqueer,101.26.214.156
1146,Sydney,Gurling,sgurling19@dion.ne.jp,Female,23.59.17.149
1147,Steffane,D'Enrico,sdenrico1a@wunderground.com,Female,45.159.159.142
1148,Dav,Dishmon,ddishmon1b@joomla.org,Male,250.34.150.242
1149,Dacia,Orsi,dorsi1c@nytimes.com,Female,43.14.105.75
1150,Conrade,Danilchenko,cdanilchenko1d@google.de,Male,59.65.136.38
1151,Petronia,Innocenti,pinnocenti1e@nasa.gov,Female,38.108.67.21
1152,Dwayne,Readwin,dreadwin1f@washington.edu,Male,26.103.15.186
1153,Jesse,Foker,jfoker1g@vkontakte.ru,Female,173.236.194.86
1154,Phillip,Oki,poki1h@privacy.gov.au,Male,111.36.184.243
1155,Umeko,Lappine,ulappine1i@gnu.org,Female,50.245.24.10
1156,Hillard,Lavis,hlavis1j@tmall.com,Male,209.196.24.235
1157,Aleta,Lidster,alidster1k@ucoz.ru,Female,176.88.140.32
1158,Domeniga,Stanworth,dstanworth1l@over-blog.com,Female,22.197.201.68
1159,Felicdad,Thamelt,fthamelt1m@gravatar.com,Female,35.109.235.184
1160,Gardiner,Herculeson,gherculeson1n@sphinn.com,Male,195.103.120.145
1161,Vilhelmina,Parlot,vparlot1o@technorati.com,Female,6.11.196.196
1162,Margareta,Rutledge,mrutledge1p@edublogs.org,Non-binary,85.176.11.5
1163,Hartley,Arton,harton1q@yelp.com,Male,46.238.28.201
1164,Annetta,Buncombe,abuncombe1r@ucoz.ru,Female,156.124.55.144
1165,Hiram,Craney,hcraney1s@imdb.com,Male,143.120.106.98
1166,Adella,Brandon,abrandon1t@liveinternet.ru,Female,111.48.69.71
1167,Dilan,Brooksby,dbrooksby1u@ebay.co.uk,Polygender,124.160.131.126
1168,Fergus,Edworthye,fedworthye1v@fotki.com,Male,55.54.165.206
1169,Lavina,Reedyhough,lreedyhough1w@google.ca,Polygender,138.126.112.211
1170,Sarine,Aylmore,saylmore1x@economist.com,Polygender,129.217.184.237
1171,Yvor,Pampling,ypampling1y@google.fr,Male,203.235.22.137
1172,Carlynn,Alleway,calleway1z@last.fm,Female,136.203.32.139
1173,Heriberto,Spitell,hspitell20@nymag.com,Male,160.139.116.16
1174,Desmund,Crellin,dcrellin21@canalblog.com,Male,16.3.117.126
1175,Vite,Drakeley,vdrakeley22@omniture.com,Male,85.251.41.229
1176,Kristan,Burbury,kburbury23@pen.io,Female,59.75.14.24
1177,Nickie,Perrinchief,nperrinchief24@gnu.org,Male,201.142.147.50
1178,Jaimie,Joppich,jjoppich25@phpbb.com,Female,171.176.39.63
1179,Pammie,Twitchett,ptwitchett26@symantec.com,Female,130.90.242.129
1180,Herta,Eadon,headon27@topsy.com,Female,159.74.201.180
1181,Adelaida,Tamburo,atamburo28@tripod.com,Female,96.196.78.32
1182,Joshia,Dradey,jdradey29@google.co.jp,Male,226.174.182.1
1183,Dorie,Seaman,dseaman2a@twitter.com,Female,37.53.117.98
1184,Daisie,Forty,dforty2b@apple.com,Female,188.107.97.149
1185,Amery,Abrehart,aabrehart2c@creativecommons.org,Male,117.44.211.92
1186,Thibaud,Miere,tmiere2d@berkeley.edu,Male,51.113.185.126
1187,Heath,Van den Velde,hvandenvelde2e@amazon.co.jp,Male,203.112.243.193
1188,Jae,Sottell,jsottell2f@discuz.net,Male,136.141.104.166
1189,Erskine,Hugle,ehugle2g@i2i.jp,Male,229.181.111.243
1190,Ransell,Brumfield,rbrumfield2h@ucoz.com,Male,39.113.170.148
1191,Kelcy,Telford,ktelford2i@miitbeian.gov.cn,Bigender,14.42.250.63
1192,Remy,Clewett,rclewett2j@tinypic.com,Female,118.13.154.133
1193,Drona,Perago,dperago2k@infoseek.co.jp,Female,208.56.58.233
1194,Roseanna,Verheijden,rverheijden2l@mit.edu,Female,195.73.215.13
1195,Diane,Knowlden,dknowlden2m@360.cn,Female,221.157.110.93
1196,Haskel,Borrow,hborrow2n@home.pl,Male,108.121.109.220
1197,Vere,McGerraghty,vmcgerraghty2o@wordpress.org,Female,211.193.90.136
1198,Holly,Horsfield,hhorsfield2p@google.cn,Female,35.208.201.236
1199,Terrell,Commusso,tcommusso2q@spiegel.de,Male,115.43.236.124
1200,Issie,Donson,idonson2r@va.gov,Female,252.141.180.183
1201,Kristoffer,Flahive,kflahive2s@princeton.edu,Male,16.30.31.148
1202,Pier,Sygroves,psygroves2t@example.com,Female,177.161.231.220
1203,Nissie,Tomas,ntomas2u@nature.com,Female,240.41.92.234
1204,Felipa,Bartrap,fbartrap2v@cbslocal.com,Female,212.79.230.173
1205,Ellen,Rosingdall,erosingdall2w@merriam-webster.com,Female,126.204.174.21
1206,Tore,Penlington,tpenlington2x@xrea.com,Male,70.192.24.73
1207,Amabel,Faley,afaley2y@oakley.com,Female,197.81.114.47
1208,Fanchon,Cruxton,fcruxton2z@devhub.com,Female,145.201.4.172
1209,Phelia,Carlisle,pcarlisle30@guardian.co.uk,Female,187.243.91.127
1210,Sonnie,Phizakarley,sphizakarley31@mtv.com,Female,132.188.185.227
1211,Sharity,Davenall,sdavenall32@usgs.gov,Polygender,217.34.40.160
1212,Kiri,Chimes,kchimes33@eepurl.com,Genderqueer,80.59.234.156
1213,Huntley,Rase,hrase34@dailymotion.com,Polygender,212.152.150.205
1214,Korey,Gyford,kgyford35@google.ca,Male,161.199.143.191
1215,Georgena,Millar,gmillar36@ocn.ne.jp,Bigender,96.148.57.57
1216,Neville,Jillitt,njillitt37@independent.co.uk,Male,42.152.169.176
1217,Hewie,Pieterick,hpieterick38@nih.gov,Male,75.118.203.171
1218,Raimund,Merrilees,rmerrilees39@opera.com,Male,249.233.248.242
1219,Ashton,Duffy,aduffy3a@princeton.edu,Male,2.43.221.22
1220,Bartlet,MacAnelley,bmacanelley3b@shutterfly.com,Male,16.41.32.239
1221,Brandy,Thornewell,bthornewell3c@geocities.com,Polygender,50.201.164.146
1222,Cordey,Madgwich,cmadgwich3d@printfriendly.com,Female,59.145.186.55
1223,Elsy,Harcus,eharcus3e@wp.com,Female,3.75.143.106
1224,Erie,Dumbar,edumbar3f@odnoklassniki.ru,Male,92.244.27.12
1225,Xaviera,Roggeman,xroggeman3g@mediafire.com,Female,110.103.234.75
1226,Rolfe,Fairham,rfairham3h@ibm.com,Male,40.104.67.55
1227,Skye,Cochran,scochran3i@purevolume.com,Male,1.106.161.119
1228,Minnie,Bolding,mbolding3j@google.it,Genderfluid,128.62.213.34
1229,Alley,Sommerly,asommerly3k@dot.gov,Non-binary,123.12.120.85
1230,Boothe,Hallen,bhallen3l@chicagotribune.com,Non-binary,178.142.33.8
1231,Benita,Hoggin,bhoggin3m@instagram.com,Female,37.218.148.168
1232,Vick,Bruneton,vbruneton3n@oaic.gov.au,Male,113.145.248.9
1233,Xavier,Keyme,xkeyme3o@joomla.org,Male,132.100.242.119
1234,Tannie,Seedhouse,tseedhouse3p@purevolume.com,Male,182.208.58.201
1235,Nari,Lunck,nlunck3q@yahoo.com,Female,243.172.144.27
1236,Barn,Tedridge,btedridge3r@vinaora.com,Male,156.161.152.165
1237,Brooks,Sparks,bsparks3s@people.com.cn,Bigender,21.216.62.5
1238,Clemens,Darte,cdarte3t@aboutads.info,Male,135.149.145.146
1239,Berne,Defont,bdefont3u@hc360.com,Male,42.44.14.55
1240,Amerigo,Blakemore,ablakemore3v@npr.org,Male,54.220.162.85
1241,Kiri,Fowell,kfowell3w@ucla.edu,Female,6.91.172.10
1242,Oliy,Astell,oastell3x@europa.eu,Female,191.241.65.209
1243,Xenos,Kleiner,xkleiner3y@sun.com,Male,142.14.59.254
1244,Consuelo,Cruickshanks,ccruickshanks3z@parallels.com,Female,106.53.108.129
1245,Nickola,Gammage,ngammage40@gnu.org,Male,55.244.110.250
1246,Lannie,Pennicard,lpennicard41@flickr.com,Male,161.138.117.143
1247,Lyndsey,Larenson,llarenson42@google.pl,Female,91.90.77.208
1248,Tanitansy,Florey,tflorey43@howstuffworks.com,Female,215.49.96.199
1249,Olva,Barsby,obarsby44@gravatar.com,Female,184.245.64.59
1250,Wake,Hulkes,whulkes45@1und1.de,Male,174.114.189.104
1251,Marthena,Duval,mduval46@dell.com,Female,37.55.56.2
1252,Beverley,Corkill,bcorkill47@microsoft.com,Female,193.146.190.167
1253,Gherardo,McGowran,gmcgowran48@cnn.com,Male,242.143.161.197
1254,Olenolin,Giacomazzo,ogiacomazzo49@meetup.com,Male,217.121.186.139
1255,Kathe,Connerly,kconnerly4a@cloudflare.com,Female,142.5.115.40
1256,Meggi,Muspratt,mmuspratt4b@github.io,Female,166.83.90.23
1257,Ermin,Phear,ephear4c@kickstarter.com,Male,45.208.140.242
1258,Alys,Quickfall,aquickfall4d@skyrock.com,Female,16.20.197.2
1259,Julie,Summons,jsummons4e@umn.edu,Female,100.85.73.81
1260,Gale,Hesbrook,ghesbrook4f@va.gov,Female,92.137.175.138
1261,Tadio,Ander,tander4g@weebly.com,Male,100.92.230.242
1262,Tiphany,Steptoe,tsteptoe4h@sciencedaily.com,Female,90.106.30.230
1263,Orton,Gavini,ogavini4i@bizjournals.com,Male,4.76.159.110
1264,Bendite,Gellan,bgellan4j@skyrock.com,Female,247.197.129.140
1265,Meir,Colliard,mcolliard4k@ning.com,Male,23.128.47.141
1266,Ruddie,Immer,rimmer4l@ibm.com,Male,82.128.201.253
1267,Monte,Compton,mcompton4m@reverbnation.com,Male,42.16.167.19
1268,Asia,Scard,ascard4n@discuz.net,Female,5.59.101.114
1269,Rockey,Biggadyke,rbiggadyke4o@china.com.cn,Male,0.156.227.83
1270,Christean,Dunbabin,cdunbabin4p@wix.com,Female,209.94.142.10
1271,Norbert,Cruickshanks,ncruickshanks4q@google.es,Male,194.127.248.243
1272,Berti,Breach,bbreach4r@theatlantic.com,Female,84.79.8.16
1273,Barnaby,Rehn,brehn4s@mozilla.org,Genderqueer,246.155.13.81
1274,Silvano,Benthall,sbenthall4t@issuu.com,Male,31.146.144.46
1275,Berton,Mockford,bmockford4u@webeden.co.uk,Male,147.123.62.133
1276,Colman,Corley,ccorley4v@nhs.uk,Male,91.169.156.74
1277,Morganica,Willisch,mwillisch4w@canalblog.com,Female,49.207.188.87
1278,Janek,Golly,jgolly4x@yellowbook.com,Male,213.28.82.107
1279,Annis,Grigoriev,agrigoriev4y@xing.com,Female,29.62.204.80
1280,Bartholomeus,Ateggart,bateggart4z@oaic.gov.au,Male,189.188.7.241
1281,Allen,Marcinkowski,amarcinkowski50@facebook.com,Male,150.116.122.181
1282,Berenice,Ivankov,bivankov51@yahoo.com,Female,39.194.255.90
1283,Tandi,Huitt,thuitt52@purevolume.com,Female,148.52.174.238
1284,Glenn,Hardy,ghardy53@bbb.org,Female,183.190.208.223
1285,Mayne,Welford,mwelford54@indiatimes.com,Male,232.112.68.142
1286,Meriel,Moden,mmoden55@tamu.edu,Female,99.176.196.33
1287,Maxi,Bottell,mbottell56@gnu.org,Female,92.127.168.107
1288,Cayla,Vine,cvine57@reference.com,Bigender,190.100.229.226
1289,Hardy,Deane,hdeane58@economist.com,Male,23.85.239.46
1290,Emmalynne,Hairyes,ehairyes59@va.gov,Female,169.232.202.71
1291,Roberto,Reijmers,rreijmers5a@miibeian.gov.cn,Male,188.124.147.169
1292,Rochette,Hargrove,rhargrove5b@chicagotribune.com,Female,126.31.245.207
1293,Case,Scamp,cscamp5c@webeden.co.uk,Male,185.155.134.52
1294,Codi,Milner,cmilner5d@plala.or.jp,Female,22.135.215.42
1295,Peg,Peacocke,ppeacocke5e@prnewswire.com,Female,122.209.11.168
1296,Boothe,Millions,bmillions5f@squidoo.com,Agender,69.77.62.174
1297,Keenan,Tixier,ktixier5g@booking.com,Male,140.148.39.113
1298,Morena,Diviny,mdiviny5h@cnn.com,Genderfluid,172.3.155.56
1299,Torry,Massingberd,tmassingberd5i@chronoengine.com,Male,4.92.236.41
1300,Tannie,Haresign,tharesign5j@addthis.com,Male,119.99.66.254
1301,May,Poone,mpoone5k@webeden.co.uk,Female,14.157.247.78
1302,Yvon,Roblett,yroblett5l@cbslocal.com,Genderfluid,68.232.159.112
1303,Malorie,Sissot,msissot5m@pinterest.com,Female,231.93.232.249
1304,Ursala,Yackiminie,uyackiminie5n@nasa.gov,Female,230.200.171.124
1305,Lemmie,Ilyuchyov,lilyuchyov5o@psu.edu,Male,249.130.175.70
1306,Hyacinthia,Gerty,hgerty5p@sakura.ne.jp,Female,100.27.237.68
1307,Philipa,Lomond,plomond5q@smh.com.au,Female,25.236.48.197
1308,Lynne,Rennock,lrennock5r@reference.com,Female,248.102.241.205
1309,Emmett,Grigoletti,egrigoletti5s@live.com,Male,23.162.74.38
1310,Sula,Garms,sgarms5t@un.org,Female,56.105.11.169
1311,Matthew,Rosiello,mrosiello5u@printfriendly.com,Male,96.154.150.223
1312,Iona,McGarvie,imcgarvie5v@cbsnews.com,Female,233.79.16.11
1313,Imogen,Janak,ijanak5w@archive.org,Bigender,44.82.121.222
1314,Lilith,Buard,lbuard5x@cbc.ca,Female,91.67.123.83
1315,Cristabel,Goodding,cgoodding5y@biblegateway.com,Female,46.149.219.175
1316,Franklyn,Durston,fdurston5z@free.fr,Male,104.177.204.243
1317,Koo,Barnfield,kbarnfield60@com.com,Female,137.107.184.238
1318,Dacia,Strongitharm,dstrongitharm61@1und1.de,Female,222.144.134.30
1319,Kissiah,Julien,kjulien62@stumbleupon.com,Female,236.75.69.235
1320,Ethelbert,Pregal,epregal63@woothemes.com,Male,28.37.96.127
1321,Felicia,Danbye,fdanbye64@sina.com.cn,Female,93.170.214.11
1322,Mata,Hurford,mhurford65@paginegialle.it,Male,76.187.246.205
1323,Cosette,Joynt,cjoynt66@chron.com,Female,68.253.94.200
1324,Alexandr,Fosdike,afosdike67@dyndns.org,Male,94.35.200.245
1325,Mayor,Bernini,mbernini68@ca.gov,Male,216.139.213.185
1326,Vincents,Deeson,vdeeson69@canalblog.com,Male,16.204.20.252
1327,Barri,Durgan,bdurgan6a@alexa.com,Male,150.62.95.205
1328,Kevin,Folker,kfolker6b@chronoengine.com,Male,255.87.245.122
1329,Rey,Damrell,rdamrell6c@comcast.net,Male,215.51.113.194
1330,Dara,Feasley,dfeasley6d@smugmug.com,Female,1.132.6.171
1331,Sylvia,Zincke,szincke6e@jugem.jp,Female,152.128.143.1
1332,Ariadne,Myhan,amyhan6f@surveymonkey.com,Female,238.168.4.198
1333,Dougie,Filde,dfilde6g@china.com.cn,Male,154.32.160.69
1334,Winifred,Cellier,wcellier6h@diigo.com,Female,105.145.63.81
1335,Fremont,Souster,fsouster6i@wunderground.com,Male,165.11.39.241
1336,Niko,Rorke,nrorke6j@lulu.com,Polygender,51.95.161.223
1337,Mycah,Patterson,mpatterson6k@macromedia.com,Male,83.188.103.35
1338,Jaquenetta,Fluger,jfluger6l@friendfeed.com,Female,127.184.36.7
1339,Glennis,Amiss,gamiss6m@ning.com,Female,37.82.240.145
1340,Ailbert,Boots,aboots6n@networksolutions.com,Male,49.69.75.220
1341,Avril,Faragan,afaragan6o@devhub.com,Female,130.12.163.226
1342,Alane,Lezemore,alezemore6p@shop-pro.jp,Female,49.21.17.231
1343,Duncan,Camden,dcamden6q@tumblr.com,Male,180.241.221.123
1344,Dunc,Heyworth,dheyworth6r@forbes.com,Genderfluid,229.227.90.209
1345,Tessa,Stibbs,tstibbs6s@google.com.hk,Non-binary,162.197.29.116
1346,Amandi,Baldam,abaldam6t@linkedin.com,Female,123.85.238.30
1347,Chris,Maxstead,cmaxstead6u@live.com,Female,234.104.181.137
1348,Oswell,Morsley,omorsley6v@indiegogo.com,Male,205.48.153.234
1349,Adolpho,Marron,amarron6w@dot.gov,Male,30.102.112.212
1350,Merv,Petican,mpetican6x@amazonaws.com,Male,234.14.43.57
1351,Travers,Wey,twey6y@ucsd.edu,Male,192.185.86.177
1352,Wiatt,Treamayne,wtreamayne6z@wordpress.com,Male,22.106.53.7
1353,Colas,Blest,cblest70@thetimes.co.uk,Male,155.244.105.236
1354,Alford,Sewart,asewart71@tiny.cc,Male,147.152.41.90
1355,Sheba,Hardwick,shardwick72@comcast.net,Female,7.156.213.47
1356,Selestina,Heddy,sheddy73@baidu.com,Female,67.215.56.182
1357,Martin,Deeny,mdeeny74@craigslist.org,Male,74.161.109.73
1358,Eva,Wraight,ewraight75@cbsnews.com,Female,195.72.224.127
1359,Riannon,Worshall,rworshall76@about.com,Polygender,174.216.135.43
1360,June,Tadlow,jtadlow77@hubpages.com,Female,173.132.230.63
1361,Albie,Stutard,astutard78@prlog.org,Male,82.80.142.246
1362,Gael,Venus,gvenus79@archive.org,Male,118.111.105.195
1363,Portie,Aleksandrev,paleksandrev7a@psu.edu,Male,228.134.66.141
1364,Morry,Casaroli,mcasaroli7b@tripadvisor.com,Male,191.84.29.42
1365,Crichton,Gimenez,cgimenez7c@yellowbook.com,Male,190.167.51.74
1366,Leonerd,Sperrett,lsperrett7d@auda.org.au,Male,244.66.234.174
1367,Enrico,Leupoldt,eleupoldt7e@nih.gov,Male,140.61.49.62
1368,Becka,Stubs,bstubs7f@hatena.ne.jp,Female,120.19.238.196
1369,Nari,Tapply,ntapply7g@printfriendly.com,Female,152.221.241.160
1370,Pat,Bettesworth,pbettesworth7h@hugedomains.com,Genderfluid,104.131.202.78
1371,Teodoor,Stryde,tstryde7i@psu.edu,Agender,88.219.9.243
1372,Giralda,Giovannazzi,ggiovannazzi7j@google.de,Female,188.202.87.89
1373,Elsy,Dossettor,edossettor7k@noaa.gov,Female,156.233.37.247
1374,Griswold,Skydall,gskydall7l@ifeng.com,Male,221.69.87.4
1375,Zebulon,Dammarell,zdammarell7m@wordpress.org,Male,105.80.136.193
1376,Flossie,Taunton.,ftaunton7n@de.vu,Genderqueer,166.186.69.87
1377,Travus,Grayshan,tgrayshan7o@pen.io,Male,40.146.99.225
1378,Juanita,Casel,jcasel7p@forbes.com,Female,166.50.16.215
1379,Isaak,Manoch,imanoch7q@nytimes.com,Male,144.54.131.22
1380,Lise,Downie,ldownie7r@phpbb.com,Female,228.7.235.154
1381,Moshe,Winterson,mwinterson7s@hubpages.com,Male,126.67.11.59
1382,Peri,Greenall,pgreenall7t@yellowbook.com,Female,149.34.68.250
1383,Harcourt,Chugg,hchugg7u@uol.com.br,Genderfluid,175.64.22.76
1384,Abdul,Buckham,abuckham7v@nih.gov,Male,200.209.242.80
1385,Evy,Biggans,ebiggans7w@skyrock.com,Female,82.77.85.74
1386,Adrienne,Zanussii,azanussii7x@hostgator.com,Female,154.23.103.145
1387,Wanda,MacNish,wmacnish7y@sakura.ne.jp,Female,159.204.110.62
1388,Jerri,Rubee,jrubee7z@live.com,Male,64.186.99.172
1389,Monte,Hexham,mhexham80@nytimes.com,Male,228.218.177.15
1390,Jeffrey,Righy,jrighy81@msu.edu,Male,213.213.175.159
1391,Robin,Custard,rcustard82@pagesperso-orange.fr,Female,153.65.218.165
1392,Cori,Cream,ccream83@answers.com,Female,247.42.138.147
1393,Roxie,Geroldo,rgeroldo84@mysql.com,Female,220.164.42.241
1394,Tabbi,Blackett,tblackett85@i2i.jp,Female,15.90.92.228
1395,Briny,Maplethorp,bmaplethorp86@columbia.edu,Female,74.106.228.119
1396,Merci,Ashforth,mashforth87@japanpost.jp,Female,216.82.61.126
1397,Myranda,Cross,mcross88@berkeley.edu,Female,218.227.32.180
1398,Worthy,Alkin,walkin89@reuters.com,Non-binary,37.98.16.189
1399,Hamel,Niese,hniese8a@usgs.gov,Male,103.240.59.94
1400,Torr,Sherlock,tsherlock8b@facebook.com,Male,106.217.58.209
1401,Tate,Pudner,tpudner8c@apple.com,Male,188.189.27.155
1402,Fons,Tomadoni,ftomadoni8d@yahoo.co.jp,Male,228.244.159.40
1403,Joly,Rays,jrays8e@cdbaby.com,Female,99.212.198.131
1404,Kleon,Herety,kherety8f@tumblr.com,Male,255.245.79.62
1405,Delmer,Jelf,djelf8g@usda.gov,Male,97.148.216.50
1406,Artair,Taverner,ataverner8h@scribd.com,Polygender,127.132.101.23
1407,Jordon,Archbald,jarchbald8i@house.gov,Male,108.121.66.36
1408,Clerc,Aspden,caspden8j@4shared.com,Male,46.234.183.137
1409,Gwennie,Esom,gesom8k@alibaba.com,Female,34.192.243.162
1410,Tiler,Harrowing,tharrowing8l@mysql.com,Male,121.49.191.87
1411,Foss,Scrauniage,fscrauniage8m@un.org,Male,16.62.82.29
1412,Sarena,Bestiman,sbestiman8n@odnoklassniki.ru,Female,185.247.222.196
1413,Tudor,Whitby,twhitby8o@bloglovin.com,Male,194.50.57.26
1414,Hewett,Palfery,hpalfery8p@timesonline.co.uk,Male,197.95.141.203
1415,Rafi,Yurocjkin,ryurocjkin8q@t.co,Male,22.196.35.46
1416,Farrell,Cheek,fcheek8r@chronoengine.com,Male,164.190.128.84
1417,Dari,Bullas,dbullas8s@reverbnation.com,Female,65.115.246.153
1418,Hurlee,Athowe,hathowe8t@posterous.com,Male,129.77.214.208
1419,Sheri,Braunds,sbraunds8u@hp.com,Genderfluid,36.39.125.84
1420,Ole,Smurfitt,osmurfitt8v@alexa.com,Male,201.215.162.27
1421,Anny,Toomer,atoomer8w@examiner.com,Female,112.81.81.174
1422,Iver,Scade,iscade8x@va.gov,Male,174.181.115.163
1423,Viviana,Renachowski,vrenachowski8y@virginia.edu,Female,71.86.146.113
1424,Mickey,Rosenblum,mrosenblum8z@seesaa.net,Male,122.70.98.34
1425,Augusta,Gaynes,agaynes90@europa.eu,Female,221.132.1.90
1426,Kristian,Yurkevich,kyurkevich91@nydailynews.com,Male,229.98.211.74
1427,Fonsie,Voller,fvoller92@paginegialle.it,Male,17.200.119.111
1428,Lilas,Guerrazzi,lguerrazzi93@cafepress.com,Female,7.142.226.77
1429,Inesita,Grahl,igrahl94@arizona.edu,Female,88.8.150.107
1430,Edie,Arstall,earstall95@phpbb.com,Agender,60.59.171.141
1431,Candis,Vant,cvant96@patch.com,Female,231.96.221.93
1432,Carlita,Harrower,charrower97@chronoengine.com,Female,42.200.207.255
1433,Marleah,Alway,malway98@hibu.com,Female,224.80.178.82
1434,Edwin,Argabrite,eargabrite99@msu.edu,Male,147.10.210.238
1435,Jolynn,covino,jcovino9a@twitpic.com,Female,241.186.19.143
1436,Jacqueline,Axtens,jaxtens9b@issuu.com,Female,46.182.77.38
1437,Maud,Byrch,mbyrch9c@alexa.com,Female,143.214.95.151
1438,Jule,Quoit,jquoit9d@google.com.au,Male,203.19.201.238
1439,Lorelle,Edbrooke,ledbrooke9e@bbb.org,Female,181.108.39.38
1440,Max,Schoenrock,mschoenrock9f@hibu.com,Female,83.6.251.165
1441,Kippy,Tarbert,ktarbert9g@constantcontact.com,Female,154.67.232.31
1442,Fidela,Varden,fvarden9h@nifty.com,Genderfluid,231.125.189.208
1443,Lesya,McCrory,lmccrory9i@cafepress.com,Female,33.100.163.240
1444,Louie,Evershed,levershed9j@dyndns.org,Male,11.91.183.68
1445,Dore,Shackleton,dshackleton9k@noaa.gov,Male,48.5.74.191
1446,Rudolph,Fanning,rfanning9l@mlb.com,Male,157.117.247.30
1447,Mendy,Stanlike,mstanlike9m@weather.com,Male,196.58.251.60
1448,Myer,Hazeldene,mhazeldene9n@desdev.cn,Male,180.192.95.105
1449,Quent,Barczynski,qbarczynski9o@bloglovin.com,Male,212.177.83.250
1450,Guenna,Bartalucci,gbartalucci9p@theguardian.com,Female,111.167.33.63
1451,Diego,Date,ddate9q@elegantthemes.com,Male,232.147.196.138
1452,Sherwood,Waight,swaight9r@nps.gov,Male,80.210.157.226
1453,Gabbi,McCoughan,gmccoughan9s@nsw.gov.au,Female,82.250.229.67
1454,Minni,Robberts,mrobberts9t@skype.com,Female,2.100.219.115
1455,Flint,Baumler,fbaumler9u@google.co.uk,Male,169.137.57.163
1456,Alfons,Hundley,ahundley9v@addtoany.com,Male,185.11.47.111
1457,Mureil,Danielovitch,mdanielovitch9w@g.co,Female,222.169.180.251
1458,Obadiah,Bengtson,obengtson9x@ocn.ne.jp,Male,235.230.128.150
1459,Link,Duetsche,lduetsche9y@blogs.com,Male,151.236.62.75
1460,Thornie,Denerley,tdenerley9z@github.io,Male,104.235.112.181
1461,Barrie,Lente,blentea0@kickstarter.com,Agender,138.176.48.164
1462,Whittaker,Stanbro,wstanbroa1@bloomberg.com,Male,211.217.34.48
1463,Vic,O'Brien,vobriena2@pcworld.com,Male,105.32.156.45
1464,Nappie,Cawthorn,ncawthorna3@netlog.com,Bigender,93.255.180.18
1465,Letty,Rydeard,lrydearda4@skyrock.com,Female,91.89.12.152
1466,Taylor,Glander,tglandera5@weebly.com,Male,153.75.221.10
1467,Arnoldo,Piesold,apiesolda6@google.co.jp,Male,224.37.240.181
1468,Shanda,Postance,spostancea7@goo.ne.jp,Genderfluid,233.225.182.110
1469,Paulie,Yorke,pyorkea8@instagram.com,Female,7.130.35.154
1470,Dewain,Hoggan,dhoggana9@earthlink.net,Male,157.119.114.64
1471,Roxanne,Schimann,rschimannaa@mysql.com,Female,96.128.248.209
1472,Wally,Milmo,wmilmoab@hp.com,Genderfluid,146.70.148.232
1473,Kele,Diglin,kdiglinac@aboutads.info,Male,61.204.162.182
1474,Lowrance,Vivians,lviviansad@digg.com,Male,245.194.196.27
1475,Willy,McKevitt,wmckevittae@indiegogo.com,Female,53.185.119.67
1476,Kylynn,Melmoth,kmelmothaf@kickstarter.com,Female,96.129.23.113
1477,Cyndi,Pinckney,cpinckneyag@google.pl,Female,59.52.3.202
1478,Aurore,Babar,ababarah@reuters.com,Female,201.59.233.129
1479,Brigida,Betho,bbethoai@google.co.uk,Female,14.41.80.25
1480,Mellie,Bernardin,mbernardinaj@storify.com,Female,69.30.46.133
1481,Abrahan,Sprulls,asprullsak@smugmug.com,Male,238.38.253.132
1482,Zsa zsa,Pallin,zpallinal@thetimes.co.uk,Female,108.105.66.39
1483,Loree,Gatrell,lgatrellam@discuz.net,Female,242.64.220.15
1484,Hailee,Hembling,hhemblingan@altervista.org,Female,115.13.125.38
1485,Bobbette,McCrory,bmccroryao@godaddy.com,Non-binary,154.82.211.92
1486,Averil,Belverstone,abelverstoneap@last.fm,Male,151.97.235.148
1487,Daisi,Le Monnier,dlemonnieraq@simplemachines.org,Female,253.174.40.112
1488,Brennan,McKall,bmckallar@odnoklassniki.ru,Male,59.1.128.196
1489,Ellen,Molyneux,emolyneuxas@mtv.com,Female,73.132.140.170
1490,Birdie,Hemphill,bhemphillat@vkontakte.ru,Female,72.143.119.43
1491,Shauna,Duckers,sduckersau@nps.gov,Female,60.239.100.40
1492,Frasier,Barstow,fbarstowav@oracle.com,Male,67.132.193.211
1493,Ivette,Coppin,icoppinaw@army.mil,Female,17.141.242.113
1494,Pacorro,Bridell,pbridellax@amazon.de,Male,15.51.105.29
1495,Cass,Claire,cclaireay@de.vu,Male,169.210.97.211
1496,Ambrosi,Neath,aneathaz@zdnet.com,Male,236.94.72.106
1497,Julius,Aleksandrikin,jaleksandrikinb0@phoca.cz,Male,73.14.211.221
1498,Glenda,Boon,gboonb1@goo.ne.jp,Female,166.104.71.104
1499,Phillie,Critcher,pcritcherb2@myspace.com,Female,182.83.170.94
1500,Eric,Thews,ethewsb3@alexa.com,Male,88.129.172.246
1501,Vickie,Yuranovev,vyuranovevb4@huffingtonpost.com,Female,145.137.111.46
1502,Lynette,Litton,llittonb5@mapy.cz,Female,202.18.24.95
1503,Torrin,Pretsell,tpretsellb6@nature.com,Polygender,174.144.220.62
1504,Giralda,Matys,gmatysb7@fastcompany.com,Female,76.204.140.45
1505,Tiphanie,Sherwill,tsherwillb8@ifeng.com,Female,213.134.142.21
1506,Beltran,Bogeys,bbogeysb9@wired.com,Male,66.164.129.163
1507,Dian,Romeuf,dromeufba@blogtalkradio.com,Female,226.125.175.48
1508,Susan,Ondra,sondrabb@hc360.com,Female,164.144.176.117
1509,Ahmed,McDunlevy,amcdunlevybc@wisc.edu,Male,214.115.174.156
1510,Karoline,Benneyworth,kbenneyworthbd@nba.com,Female,156.180.224.230
1511,Annmaria,Szimoni,aszimonibe@smugmug.com,Female,118.47.122.123
1512,Ardenia,Palluschek,apalluschekbf@marriott.com,Female,83.25.252.141
1513,Emmett,McGaughay,emcgaughaybg@microsoft.com,Male,246.88.248.193
1514,Modestine,Treverton,mtrevertonbh@nydailynews.com,Female,197.213.215.154
1515,Duffie,Mullaney,dmullaneybi@nba.com,Male,162.24.53.196
1516,Colline,Groucutt,cgroucuttbj@psu.edu,Female,43.148.73.179
1517,Sauveur,Bainbridge,sbainbridgebk@icq.com,Male,237.136.150.84
1518,Leroi,Eplett,leplettbl@ucla.edu,Genderqueer,13.210.10.48
1519,Marya,Hanshaw,mhanshawbm@hexun.com,Female,195.124.42.207
1520,Turner,Hovell,thovellbn@jigsy.com,Bigender,190.11.148.229
1521,Malachi,Wrightim,mwrightimbo@webnode.com,Male,90.66.135.117
1522,Carlina,Sear,csearbp@sciencedaily.com,Female,207.161.107.86
1523,Morgan,Prendergrass,mprendergrassbq@squarespace.com,Female,221.65.19.90
1524,Odette,Probert,oprobertbr@nifty.com,Female,16.108.37.224
1525,Jonathan,Mary,jmarybs@about.me,Male,21.119.219.228
1526,Vlad,Morais,vmoraisbt@gov.uk,Genderfluid,26.67.124.224
1527,Saleem,Meffen,smeffenbu@berkeley.edu,Male,105.195.129.224
1528,Doris,Strass,dstrassbv@icio.us,Female,109.72.85.187
1529,Verine,Don,vdonbw@tiny.cc,Bigender,98.75.124.69
1530,Saundra,Krabbe,skrabbebx@abc.net.au,Male,5.94.85.162
1531,Rosetta,Muzzullo,rmuzzulloby@abc.net.au,Female,24.187.197.170
1532,Avram,Biggen,abiggenbz@patch.com,Male,29.188.210.110
1533,Marlo,Beumant,mbeumantc0@cisco.com,Female,228.152.159.235
1534,Chiquia,Postance,cpostancec1@51.la,Female,153.247.239.178
1535,Angelique,Floweth,aflowethc2@cnbc.com,Female,37.113.195.189
1536,Bordie,Conford,bconfordc3@epa.gov,Non-binary,185.52.154.96
1537,Othilie,Varah,ovarahc4@hostgator.com,Female,48.18.197.162
1538,Martino,Rawood,mrawoodc5@tiny.cc,Male,161.96.51.131
1539,Romola,Coiley,rcoileyc6@mozilla.com,Female,94.59.157.117
1540,Jessa,Mingaud,jmingaudc7@blogger.com,Female,239.128.188.83
1541,Corey,Wasielewicz,cwasielewiczc8@umn.edu,Female,95.31.8.136
1542,Elna,Assender,eassenderc9@mozilla.org,Female,159.251.207.7
1543,Tallulah,Ace,taceca@spiegel.de,Female,180.13.158.228
1544,Pen,Dunphie,pdunphiecb@cocolog-nifty.com,Male,145.146.79.163
1545,Fabe,D'Antonio,fdantoniocc@java.com,Male,207.15.108.119
1546,Renelle,Sahnow,rsahnowcd@networkadvertising.org,Female,98.83.125.9
1547,Lenci,Lines,llinesce@topsy.com,Male,158.139.250.46
1548,Oren,Fakes,ofakescf@typepad.com,Male,49.120.27.141
1549,Olivier,Scarth,oscarthcg@google.ru,Male,133.100.139.184
1550,Silva,Lillecrop,slillecropch@flavors.me,Female,148.41.27.123
1551,Germaine,Flockhart,gflockhartci@vinaora.com,Female,247.195.212.138
1552,Bernette,Sandes,bsandescj@mysql.com,Female,233.207.43.231
1553,Codie,Beernt,cbeerntck@loc.gov,Male,243.153.46.85
1554,Lewiss,Durbyn,ldurbyncl@baidu.com,Male,60.46.166.65
1555,Antonetta,Greetham,agreethamcm@smh.com.au,Female,152.24.235.200
1556,Emmeline,Marcone,emarconecn@wikimedia.org,Female,50.84.206.107
1557,Ivett,Bonds,ibondsco@usda.gov,Female,23.15.187.133
1558,Milo,Cruden,mcrudencp@hao123.com,Male,247.183.85.38
1559,Jeanie,Colliar,jcolliarcq@wordpress.com,Female,220.30.66.9
1560,Margaret,Huster,mhustercr@theguardian.com,Female,55.43.161.83
1561,Sharai,Brome,sbromecs@ovh.net,Non-binary,123.49.139.50
1562,Taddeo,Kantor,tkantorct@domainmarket.com,Male,231.169.18.234
1563,Sybil,Gong,sgongcu@slideshare.net,Female,134.203.86.171
1564,Bayard,Crowne,bcrownecv@dailymail.co.uk,Male,76.10.122.135
1565,Yul,Dellenbroker,ydellenbrokercw@google.co.uk,Male,84.83.177.101
1566,Pennie,Pisco,ppiscocx@tmall.com,Male,2.232.5.63
1567,Jayme,Callister,jcallistercy@histats.com,Female,26.143.44.22
1568,Venita,Snead,vsneadcz@forbes.com,Female,195.146.253.252
1569,Kalila,Montez,kmontezd0@w3.org,Female,236.68.1.228
1570,Lancelot,Winterbourne,lwinterbourned1@desdev.cn,Male,184.48.30.188
1571,Derby,Watkins,dwatkinsd2@nsw.gov.au,Male,163.137.181.56
1572,Inger,Mellonby,imellonbyd3@is.gd,Male,11.37.135.170
1573,Florie,Yushachkov,fyushachkovd4@hexun.com,Female,39.220.95.89
1574,Marijo,Wyche,mwyched5@ox.ac.uk,Female,185.1.117.108
1575,Mohandis,Kinlock,mkinlockd6@chronoengine.com,Male,122.42.7.156
1576,Dorolice,Streeting,dstreetingd7@mail.ru,Female,168.178.35.2
1577,Dalt,Hedan,dhedand8@state.gov,Male,5.217.11.46
1578,Laurie,Persey,lperseyd9@ow.ly,Female,176.100.239.22
1579,Rochester,Mott,rmottda@canalblog.com,Male,118.165.195.152
1580,Renell,Willgoss,rwillgossdb@geocities.jp,Female,74.96.19.84
1581,Margaretha,Brissenden,mbrissendendc@networkadvertising.org,Agender,161.112.95.153
1582,Keven,Studdert,kstuddertdd@sciencedirect.com,Male,222.195.251.43
1583,Richmound,Bartalucci,rbartaluccide@microsoft.com,Male,163.121.241.85
1584,Amelina,Saffon,asaffondf@hao123.com,Female,232.55.65.69
1585,Elnora,Feasby,efeasbydg@yellowbook.com,Bigender,185.70.247.157
1586,Mitch,Dennis,mdennisdh@blogtalkradio.com,Male,98.0.83.10
1587,Carly,Dominguez,cdominguezdi@dmoz.org,Male,27.217.5.88
1588,Othella,Degan,odegandj@tripod.com,Female,216.132.103.126
1589,Robert,Froschauer,rfroschauerdk@github.io,Male,229.83.115.85
1590,Farah,Roullier,froullierdl@scientificamerican.com,Female,215.28.208.208
1591,Sandi,Drury,sdrurydm@w3.org,Female,142.1.202.74
1592,Richmound,Aronstein,raronsteindn@yale.edu,Male,96.211.107.211
1593,Wildon,Housley,whousleydo@thetimes.co.uk,Male,253.186.180.139
1594,Sterne,Seleway,sselewaydp@theguardian.com,Male,249.31.102.163
1595,Harrie,Proffer,hprofferdq@china.com.cn,Female,91.227.8.121
1596,Romona,Grinaway,rgrinawaydr@meetup.com,Female,250.41.229.250
1597,Reamonn,Willimont,rwillimontds@devhub.com,Polygender,173.91.113.245
1598,Ed,Hegley,ehegleydt@cbsnews.com,Male,44.5.113.134
1599,Mab,Thompkins,mthompkinsdu@mozilla.com,Female,206.192.148.201
1600,Egon,Stanton,estantondv@webs.com,Male,192.19.5.222
1601,Dunn,Warhurst,dwarhurstdw@imgur.com,Male,106.157.171.58
1602,Corinne,McKag,cmckagdx@hhs.gov,Female,32.165.199.39
1603,Sammy,Vittle,svittledy@ucla.edu,Male,203.194.68.90
1604,Ibrahim,Holson,iholsondz@multiply.com,Male,32.30.37.127
1605,Duke,Grierson,dgriersone0@ebay.co.uk,Male,229.160.68.186
1606,Jud,Coggles,jcogglese1@altervista.org,Male,86.235.105.120
1607,Simone,Willingale,swillingalee2@addtoany.com,Male,173.226.186.33
1608,Rich,Spritt,rspritte3@walmart.com,Male,131.194.136.178
1609,Arabela,Sansam,asansame4@tmall.com,Female,236.35.214.205
1610,Cloris,Pennells,cpennellse5@nifty.com,Female,173.239.225.86
1611,Ruprecht,Tatham,rtathame6@yolasite.com,Male,173.140.94.68
1612,Mychal,Axworthy,maxworthye7@walmart.com,Genderqueer,219.111.86.224
1613,Randie,Swatheridge,rswatheridgee8@mit.edu,Male,239.199.237.12
1614,Lionel,Crow,lcrowe9@nps.gov,Male,185.219.149.198
1615,Tisha,McDill,tmcdillea@nyu.edu,Polygender,196.6.123.97
1616,Cosme,Camies,ccamieseb@state.tx.us,Male,202.186.92.210
1617,Howard,Wilding,hwildingec@dailymotion.com,Male,139.21.84.164
1618,Bernete,Kalinsky,bkalinskyed@nbcnews.com,Female,140.141.133.199
1619,Hilde,Duchart,hduchartee@cargocollective.com,Genderqueer,138.92.138.59
1620,Masha,Duham,mduhamef@omniture.com,Female,124.143.101.176
1621,Saxon,Bartlomiej,sbartlomiejeg@sbwire.com,Male,149.201.126.9
1622,Amanda,Allot,aalloteh@chronoengine.com,Female,75.4.252.138
1623,Taylor,Izhaky,tizhakyei@mayoclinic.com,Male,227.228.33.25
1624,Dominica,Haxell,dhaxellej@ucla.edu,Female,31.95.194.20
1625,Blake,Streatfield,bstreatfieldek@yelp.com,Male,220.226.25.69
1626,Janice,Kibbee,jkibbeeel@telegraph.co.uk,Female,21.123.228.176
1627,Land,Dunbar,ldunbarem@cyberchimps.com,Male,50.49.111.204
1628,Breanne,Fallow,bfallowen@narod.ru,Female,216.13.225.166
1629,Padgett,Canete,pcaneteeo@digg.com,Male,117.102.143.226
1630,Kathryn,Fairest,kfairestep@alexa.com,Female,97.244.212.118
1631,Malinde,Ongin,mongineq@chicagotribune.com,Female,184.13.143.49
1632,Yvette,Shottin,yshottiner@angelfire.com,Female,214.198.90.211
1633,Allie,Duchant,aduchantes@alibaba.com,Male,249.21.77.64
1634,Henry,Rubke,hrubkeet@cnbc.com,Male,157.148.8.194
1635,Zebulon,Burrus,zburruseu@canalblog.com,Genderfluid,120.32.65.49
1636,Arlee,Dielhenn,adielhennev@npr.org,Female,27.115.201.186
1637,Gasper,McGraith,gmcgraithew@clickbank.net,Male,142.28.169.158
1638,Padraig,Bramelt,pbrameltex@squidoo.com,Male,244.242.118.171
1639,Kati,Jaspar,kjasparey@cbc.ca,Female,5.209.149.96
1640,Reta,Lanyon,rlanyonez@netscape.com,Female,40.26.179.38
1641,Brit,Cowlin,bcowlinf0@hud.gov,Female,191.147.212.26
1642,Dougie,Barbara,dbarbaraf1@aol.com,Male,127.138.2.190
1643,Nicki,Georg,ngeorgf2@slashdot.org,Female,169.17.221.12
1644,Calvin,McManamen,cmcmanamenf3@feedburner.com,Male,158.98.128.159
1645,Markus,Chappelle,mchappellef4@gmpg.org,Male,96.88.179.90
1646,Felike,Mayo,fmayof5@berkeley.edu,Male,206.155.101.146
1647,Kristine,Brady,kbradyf6@ehow.com,Female,178.88.20.19
1648,Minor,Hirsthouse,mhirsthousef7@cargocollective.com,Male,24.3.176.69
1649,Boony,Gilluley,bgilluleyf8@lycos.com,Genderfluid,73.108.238.12
1650,Alexei,Aleksich,aaleksichf9@independent.co.uk,Male,146.28.191.93
1651,Lorene,Bartalini,lbartalinifa@behance.net,Female,113.6.67.165
1652,Marlow,Gelder,mgelderfb@miibeian.gov.cn,Male,174.23.102.146
1653,Gwenni,Heintsch,gheintschfc@nasa.gov,Female,140.35.188.170
1654,Eldridge,O'Kinedy,eokinedyfd@webs.com,Male,218.63.17.115
1655,Violetta,Tombs,vtombsfe@csmonitor.com,Female,160.240.186.36
1656,Lucine,Kinch,lkinchff@mozilla.org,Agender,35.12.0.74
1657,Dante,Creaven,dcreavenfg@state.tx.us,Male,230.200.116.31
1658,Steward,Yorath,syorathfh@tumblr.com,Male,75.71.86.143
1659,Mathian,Dixie,mdixiefi@twitpic.com,Male,133.92.234.92
1660,Aurilia,Diess,adiessfj@whitehouse.gov,Polygender,208.201.178.123
1661,Marcy,Hackney,mhackneyfk@friendfeed.com,Female,48.32.94.153
1662,Rudolfo,MacGinlay,rmacginlayfl@census.gov,Male,55.253.20.202
1663,Dana,Manterfield,dmanterfieldfm@omniture.com,Male,192.45.175.173
1664,Krissie,Coyte,kcoytefn@vinaora.com,Female,17.127.90.212
1665,Kailey,Freda,kfredafo@examiner.com,Female,187.164.168.202
1666,Che,Bentley,cbentleyfp@imageshack.us,Male,21.156.80.86
1667,Teri,Abrahim,tabrahimfq@google.it,Female,113.108.167.209
1668,Lilian,Sissland,lsisslandfr@hao123.com,Female,142.114.181.13
1669,Murielle,Abbes,mabbesfs@1688.com,Female,25.148.182.27
1670,Harrietta,Dallicoat,hdallicoatft@weebly.com,Female,179.197.209.21
1671,Christy,Cashman,ccashmanfu@over-blog.com,Genderqueer,53.183.45.83
1672,Arlinda,Cristofano,acristofanofv@ft.com,Genderfluid,189.120.79.65
1673,Mohandas,Capron,mcapronfw@macromedia.com,Male,184.219.22.30
1674,Stephana,Salkild,ssalkildfx@theatlantic.com,Agender,227.12.216.2
1675,Constance,Wilson,cwilsonfy@a8.net,Female,174.246.118.48
1676,Tully,Andrivot,tandrivotfz@twitter.com,Male,138.0.71.37
1677,Emmalynne,Kellough,ekelloughg0@yelp.com,Agender,108.5.140.63
1678,Florette,Gookes,fgookesg1@w3.org,Female,226.223.35.6
1679,Montgomery,Hollows,mhollowsg2@sphinn.com,Male,216.76.151.232
1680,Sybille,Frantz,sfrantzg3@nyu.edu,Genderfluid,52.241.46.158
1681,Ozzy,Busen,obuseng4@buzzfeed.com,Male,235.248.87.151
1682,Donovan,Allin,dalling5@dailymotion.com,Male,97.26.36.97
1683,Rafael,Goodee,rgoodeeg6@arstechnica.com,Male,165.48.168.36
1684,Hulda,Carne,hcarneg7@webs.com,Female,122.251.237.98
1685,Angel,Petris,apetrisg8@hibu.com,Genderqueer,41.109.148.127
1686,Clive,Cornill,ccornillg9@japanpost.jp,Male,194.108.109.134
1687,Bartholomeus,Thombleson,bthomblesonga@yandex.ru,Bigender,164.51.90.213
1688,Gina,Benardette,gbenardettegb@php.net,Female,61.225.63.34
1689,Tabb,Beeres,tbeeresgc@wikipedia.org,Male,127.54.220.157
1690,Clare,Allot,callotgd@meetup.com,Genderfluid,62.115.51.165
1691,Palmer,O Sullivan,posullivange@paypal.com,Male,63.150.188.192
1692,Vonnie,Bodycote,vbodycotegf@163.com,Female,167.177.247.179
1693,Leoline,Sooper,lsoopergg@paypal.com,Female,235.28.140.188
1694,Cassy,Anyon,canyongh@goodreads.com,Female,235.144.83.41
1695,Lucius,Mulbry,lmulbrygi@flickr.com,Male,41.219.226.165
1696,Reena,Meineking,rmeinekinggj@ask.com,Bigender,56.19.202.144
1697,Jonah,Corness,jcornessgk@dailymail.co.uk,Male,51.93.160.102
1698,Fairlie,Siege,fsiegegl@360.cn,Male,119.37.184.150
1699,Douglass,Swanne,dswannegm@paypal.com,Male,218.120.214.206
1700,Gill,Arndt,garndtgn@addtoany.com,Male,191.72.139.124
1701,Myrlene,Boarleyson,mboarleysongo@tumblr.com,Agender,228.219.30.185
1702,Gordan,Faithfull,gfaithfullgp@xinhuanet.com,Non-binary,116.207.98.230
1703,Ginnifer,Colliford,gcollifordgq@instagram.com,Female,1.139.195.88
1704,Minette,Goalby,mgoalbygr@symantec.com,Female,205.122.97.196
1705,Reinaldo,Kennerknecht,rkennerknechtgs@cyberchimps.com,Male,155.17.151.69
1706,Adolphus,Knappett,aknappettgt@histats.com,Male,62.188.234.57
1707,Eugene,Stedson,estedsongu@bluehost.com,Male,94.58.85.67
1708,Reagan,Heiss,rheissgv@tumblr.com,Male,226.174.220.45
1709,Cassy,Blackley,cblackleygw@about.com,Female,36.252.254.154
1710,Hamil,Eby,hebygx@nifty.com,Male,196.172.217.141
1711,Kim,Hooban,khoobangy@ning.com,Female,221.158.234.139
1712,Bancroft,Fasson,bfassongz@dailymail.co.uk,Male,175.153.77.44
1713,Lu,Prahm,lprahmh0@springer.com,Female,49.46.140.221
1714,Leona,Sudron,lsudronh1@dot.gov,Genderfluid,64.213.214.71
1715,John,Fick,jfickh2@europa.eu,Male,15.213.49.217
1716,Ardelia,Freezer,afreezerh3@disqus.com,Female,227.127.198.14
1717,Lilian,Weddeburn,lweddeburnh4@loc.gov,Female,131.100.163.240
1718,Renae,Hamer,rhamerh5@umn.edu,Female,120.9.162.122
1719,Hector,Carik,hcarikh6@t-online.de,Male,42.10.240.50
1720,Edgard,Peedell,epeedellh7@ovh.net,Male,205.91.181.236
1721,Hakim,Kolodziejski,hkolodziejskih8@engadget.com,Male,157.176.185.175
1722,Ashley,Bertson,abertsonh9@ucla.edu,Male,15.74.47.70
1723,Mahala,Rudge,mrudgeha@usatoday.com,Female,90.159.145.1
1724,Humfrid,Adan,hadanhb@amazonaws.com,Male,109.38.181.87
1725,Ashlee,Yakobovitz,ayakobovitzhc@wired.com,Female,122.22.38.193
1726,Glennis,Schiell,gschiellhd@nhs.uk,Female,50.32.235.151
1727,Annabelle,Clemmens,aclemmenshe@ehow.com,Bigender,117.96.255.116
1728,Ethelyn,Lapham,elaphamhf@imdb.com,Female,200.193.129.202
1729,Sapphire,Caesar,scaesarhg@themeforest.net,Female,204.73.117.99
1730,Emmi,Ollerton,eollertonhh@usatoday.com,Female,16.249.251.141
1731,Hattie,Feasley,hfeasleyhi@ihg.com,Female,160.24.187.44
1732,Seka,McGillreich,smcgillreichhj@yahoo.com,Female,90.186.122.67
1733,Filmore,Niece,fniecehk@aol.com,Male,147.27.89.187
1734,Barty,Harkin,bharkinhl@comcast.net,Male,6.16.185.120
1735,Silvain,De La Haye,sdelahayehm@goo.gl,Male,194.80.222.74
1736,Nils,Tremathick,ntremathickhn@mozilla.com,Male,53.230.206.182
1737,Silvan,Vanstone,svanstoneho@geocities.com,Male,19.72.195.46
1738,Quinta,Milroy,qmilroyhp@cpanel.net,Female,245.125.92.118
1739,Loria,Biasetti,lbiasettihq@ocn.ne.jp,Female,148.212.205.183
1740,Joshua,Barlie,jbarliehr@feedburner.com,Male,207.254.21.148
1741,Pavel,Jerisch,pjerischhs@ycombinator.com,Male,118.43.210.54
1742,Drusy,Popelay,dpopelayht@webeden.co.uk,Genderfluid,221.102.45.103
1743,Davidde,Orrill,dorrillhu@google.ru,Agender,163.159.215.109
1744,Hedda,Gonzales,hgonzaleshv@unblog.fr,Female,10.69.26.216
1745,Jammal,Aireton,jairetonhw@bravesites.com,Male,136.226.10.183
1746,Edouard,Shatford,eshatfordhx@nationalgeographic.com,Male,166.43.160.72
1747,Guss,O'Corren,gocorrenhy@rakuten.co.jp,Male,18.231.248.138
1748,Emelina,Allchin,eallchinhz@bing.com,Female,79.136.184.47
1749,Tanya,Tissier,ttissieri0@spiegel.de,Female,69.32.11.176
1750,Fredi,Carous,fcarousi1@wiley.com,Female,162.79.62.209
1751,Jillian,Vido,jvidoi2@mashable.com,Female,56.62.82.250
1752,Yankee,McTrustie,ymctrustiei3@geocities.com,Male,74.182.13.79
1753,Etheline,Lyvon,elyvoni4@aol.com,Genderqueer,102.8.37.138
1754,Eolanda,Caldron,ecaldroni5@ed.gov,Female,108.149.226.31
1755,Stevie,Frearson,sfrearsoni6@vistaprint.com,Male,30.144.127.53
1756,Amii,Whatham,awhathami7@mozilla.com,Female,217.182.242.178
1757,Millicent,Broome,mbroomei8@buzzfeed.com,Female,225.121.2.10
1758,Camala,Sprake,csprakei9@hatena.ne.jp,Female,130.233.121.66
1759,Mara,Nibley,mnibleyia@facebook.com,Agender,115.50.210.11
1760,Bertram,Dunstone,bdunstoneib@exblog.jp,Male,203.143.247.38
1761,Frederik,Forstall,fforstallic@prnewswire.com,Male,102.21.195.129
1762,Thekla,Osmond,tosmondid@marketwatch.com,Female,84.172.84.152
1763,Lia,Deftie,ldeftieie@blogtalkradio.com,Female,87.73.156.23
1764,Filberte,Fairbard,ffairbardif@joomla.org,Male,133.167.69.168
1765,Rutger,Choake,rchoakeig@irs.gov,Male,66.201.248.222
1766,Rozamond,MacPherson,rmacphersonih@plala.or.jp,Female,205.5.225.60
1767,Amy,MacKey,amackeyii@desdev.cn,Female,149.247.136.30
1768,Alwin,Shawl,ashawlij@unblog.fr,Male,191.99.56.244
1769,Dino,Perel,dperelik@zimbio.com,Genderqueer,228.177.70.155
1770,Caresa,Schwant,cschwantil@google.es,Female,67.95.99.77
1771,Mariele,Guillot,mguillotim@cam.ac.uk,Non-binary,205.60.195.155
1772,Tersina,Zeale,tzealein@twitpic.com,Female,254.24.237.116
1773,Laney,Riedel,lriedelio@examiner.com,Female,239.206.126.245
1774,Cilka,Goulbourn,cgoulbournip@ning.com,Female,214.199.219.103
1775,Petronia,Ferraresi,pferraresiiq@tinyurl.com,Female,55.165.88.136
1776,Anjanette,Hallford,ahallfordir@seattletimes.com,Female,132.90.75.16
1777,Deloria,Mouan,dmouanis@imgur.com,Female,80.13.167.26
1778,Jayson,Honig,jhonigit@fema.gov,Male,67.226.58.96
1779,Courtenay,Mansfield,cmansfieldiu@t-online.de,Female,38.100.10.177
1780,Harry,Yaknov,hyaknoviv@cloudflare.com,Male,105.106.10.96
1781,Austina,Camerello,acamerelloiw@china.com.cn,Female,149.189.183.22
1782,Israel,Cello,icelloix@wix.com,Male,180.58.139.152
1783,Marianne,Crampsey,mcrampseyiy@weibo.com,Female,242.1.217.26
1784,Cariotta,Cuthbertson,ccuthbertsoniz@example.com,Female,132.119.93.5
1785,Elspeth,Gosnay,egosnayj0@istockphoto.com,Female,130.124.243.46
1786,Brian,Gasperi,bgasperij1@w3.org,Male,192.32.196.160
1787,Josephine,Kinnar,jkinnarj2@pcworld.com,Female,151.60.211.182
1788,Brandie,Huntall,bhuntallj3@google.it,Female,142.17.188.184
1789,Teddie,Degoe,tdegoej4@cargocollective.com,Female,57.188.221.231
1790,Nappie,Crennell,ncrennellj5@google.co.uk,Male,198.99.201.170
1791,Delcina,Scutcheon,dscutcheonj6@domainmarket.com,Female,112.137.11.11
1792,Renie,Gothliff,rgothliffj7@npr.org,Female,155.34.198.26
1793,Craggy,Rollings,crollingsj8@mtv.com,Genderqueer,129.234.198.6
1794,Ruperto,Snoddy,rsnoddyj9@livejournal.com,Male,17.149.239.212
1795,Winfield,Andrioli,wandriolija@sitemeter.com,Male,45.41.136.100
1796,Harrietta,Mangam,hmangamjb@canalblog.com,Female,102.163.38.191
1797,Dawn,Cescon,dcesconjc@hc360.com,Female,84.241.200.238
1798,Suzi,Casbon,scasbonjd@free.fr,Female,245.42.214.64
1799,Howie,Juszczak,hjuszczakje@icq.com,Male,5.255.181.80
1800,Chelsea,Bolderstone,cbolderstonejf@hugedomains.com,Female,185.254.85.24
1801,Gabi,Jerdon,gjerdonjg@time.com,Female,100.251.5.6
1802,Joel,Standall,jstandalljh@fotki.com,Male,121.172.221.18
1803,Dorian,Skally,dskallyji@cam.ac.uk,Agender,60.11.202.56
1804,Felita,Crane,fcranejj@seesaa.net,Female,129.177.5.122
1805,Othilie,Wallege,owallegejk@bluehost.com,Female,115.109.132.63
1806,Randolf,Climo,rclimojl@slate.com,Male,217.134.47.194
1807,Case,Aberdeen,caberdeenjm@cbslocal.com,Male,107.252.10.250
1808,Alexandrina,Epinoy,aepinoyjn@unc.edu,Female,247.49.169.77
1809,Stacy,Paddon,spaddonjo@blog.com,Male,250.87.176.202
1810,Madelene,Besset,mbessetjp@gov.uk,Female,87.70.80.182
1811,Teena,Kynaston,tkynastonjq@accuweather.com,Female,29.224.97.191
1812,Nance,Hensmans,nhensmansjr@un.org,Genderfluid,133.47.105.190
1813,Karen,Stroder,kstroderjs@about.me,Female,81.105.4.227
1814,Dew,Knagges,dknaggesjt@barnesandnoble.com,Male,0.20.105.226
1815,Kingston,Caslane,kcaslaneju@zimbio.com,Male,228.191.194.43
1816,Iain,Francescozzi,ifrancescozzijv@narod.ru,Male,146.252.84.185
1817,Anatollo,Skehens,askehensjw@weibo.com,Male,58.177.151.107
1818,Brendin,Luchetti,bluchettijx@redcross.org,Male,84.83.20.238
1819,Paddie,Claeskens,pclaeskensjy@devhub.com,Male,189.62.76.222
1820,Bradly,Allawy,ballawyjz@ifeng.com,Genderqueer,223.94.5.187
1821,Lexie,Bew,lbewk0@nbcnews.com,Female,51.196.222.50
1822,Vilma,Lantiffe,vlantiffek1@123-reg.co.uk,Female,202.126.31.47
1823,Ayn,Rosenthaler,arosenthalerk2@shop-pro.jp,Female,39.73.254.92
1824,Gertrudis,Ranvoise,granvoisek3@exblog.jp,Female,161.49.116.86
1825,Agata,Glasbey,aglasbeyk4@printfriendly.com,Female,242.101.183.108
1826,Aime,Scanes,ascanesk5@deliciousdays.com,Female,151.237.163.220
1827,Kelli,Lockart,klockartk6@umn.edu,Female,16.7.255.68
1828,Albert,Morritt,amorrittk7@mozilla.org,Male,236.241.94.24
1829,Meridith,Skitt,mskittk8@last.fm,Female,255.74.156.173
1830,Tabor,Furst,tfurstk9@microsoft.com,Male,29.240.167.218
1831,Trina,Toupe,ttoupeka@irs.gov,Female,164.20.244.72
1832,Felisha,Balderstone,fbalderstonekb@unblog.fr,Female,254.239.111.65
1833,Leigh,Sudron,lsudronkc@imageshack.us,Male,223.54.214.234
1834,Cayla,Rapier,crapierkd@nhs.uk,Female,16.243.218.246
1835,Madelin,Severy,mseveryke@pen.io,Female,43.37.16.23
1836,Rodi,Lathey,rlatheykf@umn.edu,Female,16.132.126.21
1837,Birgit,MacBey,bmacbeykg@php.net,Female,78.157.71.189
1838,Dick,Goede,dgoedekh@yahoo.co.jp,Genderfluid,208.245.68.188
1839,Phillis,Joselovitch,pjoselovitchki@google.com.au,Female,107.97.186.107
1840,Milicent,Phear,mphearkj@de.vu,Female,125.253.163.247
1841,Beniamino,Weddeburn - Scrimgeour,bweddeburnscrimgeourkk@cam.ac.uk,Male,113.58.160.13
1842,Melisenda,Niesel,mnieselkl@yale.edu,Female,225.204.144.59
1843,Cristian,McFaul,cmcfaulkm@china.com.cn,Male,152.204.37.251
1844,Shirlene,Greenhill,sgreenhillkn@mail.ru,Female,43.23.74.112
1845,Heywood,Burbudge,hburbudgeko@opensource.org,Genderqueer,115.49.191.206
1846,Sollie,McNeillie,smcneilliekp@army.mil,Male,14.2.140.100
1847,Gilbertine,Comerford,gcomerfordkq@blogtalkradio.com,Female,230.73.141.228
1848,Sandra,Walaron,swalaronkr@walmart.com,Female,46.14.162.43
1849,Ker,Hearons,khearonsks@mac.com,Male,117.64.141.67
1850,Daryl,Friskey,dfriskeykt@4shared.com,Female,228.70.50.214
1851,Ruy,Proswell,rproswellku@list-manage.com,Male,101.35.3.225
1852,Valentino,Gibbie,vgibbiekv@cpanel.net,Male,146.99.192.119
1853,Gusella,Dumbleton,gdumbletonkw@hc360.com,Female,85.155.52.25
1854,Kacey,Cosker,kcoskerkx@soup.io,Female,212.182.97.122
1855,Parsifal,Wellings,pwellingsky@ebay.co.uk,Male,144.4.148.60
1856,Colly,Hefforde,cheffordekz@thetimes.co.uk,Female,255.119.80.18
1857,Nero,Lodo,nlodol0@msn.com,Polygender,70.44.233.133
1858,Austin,Esmond,aesmondl1@purevolume.com,Male,100.216.247.149
1859,Hersh,Applewhite,happlewhitel2@google.de,Male,151.73.143.43
1860,Almeria,Latchmore,alatchmorel3@addtoany.com,Female,115.161.53.146
1861,Maribel,Bowe,mbowel4@eepurl.com,Female,67.210.89.42
1862,Theobald,Quibell,tquibelll5@digg.com,Male,134.59.99.5
1863,Yehudi,Beevor,ybeevorl6@state.tx.us,Male,86.166.52.47
1864,Devonna,Bigg,dbiggl7@mediafire.com,Female,97.27.161.202
1865,Gates,Aleksankov,galeksankovl8@parallels.com,Female,6.219.56.10
1866,Mycah,Gockelen,mgockelenl9@indiatimes.com,Male,19.122.189.130
1867,Lesley,Hirschmann,lhirschmannla@imageshack.us,Female,246.122.150.115
1868,Dawn,Fabb,dfabblb@nydailynews.com,Female,129.188.102.72
1869,Beniamino,Jonke,bjonkelc@hugedomains.com,Male,72.130.126.60
1870,Xymenes,Spridgeon,xspridgeonld@webnode.com,Male,191.138.255.250
1871,Alfonso,Joddins,ajoddinsle@dell.com,Male,180.103.1.206
1872,Boot,Cordeau],bcordeaulf@livejournal.com,Male,84.161.44.162
1873,Sully,Goutcher,sgoutcherlg@usatoday.com,Male,84.221.51.82
1874,Aluino,Lacky,alackylh@ehow.com,Male,19.226.215.78
1875,Devonna,Ost,dostli@multiply.com,Female,5.227.150.185
1876,Shay,Allflatt,sallflattlj@facebook.com,Female,29.65.89.170
1877,Ruth,Attenborrow,rattenborrowlk@ow.ly,Female,71.22.103.172
1878,Doro,Fosserd,dfosserdll@theglobeandmail.com,Female,146.204.15.141
1879,Adela,Cecil,acecillm@google.co.jp,Female,21.45.172.22
1880,Haleigh,Whimpenny,hwhimpennyln@marketwatch.com,Male,222.182.220.38
1881,Rutger,Emmott,remmottlo@go.com,Male,115.6.32.220
1882,Ellery,Grunson,egrunsonlp@joomla.org,Genderqueer,155.44.50.162
1883,Yetta,Moulsdale,ymoulsdalelq@nsw.gov.au,Female,82.12.122.118
1884,Charlot,Scading,cscadinglr@i2i.jp,Polygender,17.116.109.159
1885,Sergio,Nimmo,snimmols@psu.edu,Male,156.208.159.124
1886,Franky,Sille,fsillelt@wisc.edu,Female,165.162.208.172
1887,Leia,Colliford,lcollifordlu@4shared.com,Female,93.242.26.153
1888,Ado,Hadny,ahadnylv@hp.com,Male,80.21.133.48
1889,Nikkie,Ryley,nryleylw@mit.edu,Non-binary,81.230.86.218
1890,Nancie,Robelin,nrobelinlx@rakuten.co.jp,Female,93.168.38.195
1891,Lynnelle,Brobyn,lbrobynly@narod.ru,Female,252.87.234.207
1892,Nolan,Kelley,nkelleylz@xrea.com,Male,144.223.60.51
1893,Andriette,Severy,aseverym0@wired.com,Genderfluid,190.188.3.183
1894,Forester,Dimic,fdimicm1@yellowbook.com,Male,174.165.177.146
1895,John,Loweth,jlowethm2@icio.us,Male,234.46.28.37
1896,Sonya,Poll,spollm3@list-manage.com,Female,164.4.138.137
1897,Nefen,Dewbury,ndewburym4@hao123.com,Male,173.163.27.44
1898,Patsy,Ailsbury,pailsburym5@about.com,Male,89.198.107.6
1899,Tybie,Downie,tdowniem6@unblog.fr,Female,51.139.117.161
1900,Annemarie,Brunelleschi,abrunelleschim7@salon.com,Female,154.125.35.96
1901,Craig,Comford,ccomfordm8@alibaba.com,Male,83.16.248.49
1902,Mirilla,Vasyushkhin,mvasyushkhinm9@dell.com,Female,65.137.228.210
1903,Jerome,MacCambridge,jmaccambridgema@google.com.au,Bigender,146.230.28.131
1904,Ashbey,Meharg,amehargmb@t.co,Male,236.195.34.239
1905,Lacy,Darrell,ldarrellmc@amazon.de,Female,219.137.19.92
1906,Tove,Jonin,tjoninmd@qq.com,Female,85.35.109.18
1907,Pryce,Ickovicz,pickoviczme@ibm.com,Male,191.68.255.222
1908,Filippo,Densumbe,fdensumbemf@go.com,Male,41.90.252.105
1909,Kiley,Vido,kvidomg@hexun.com,Female,247.230.124.172
1910,Bernardo,Hinksen,bhinksenmh@booking.com,Male,8.132.246.121
1911,Janeen,O'Corrin,jocorrinmi@ovh.net,Female,186.43.146.144
1912,Marni,McGoon,mmcgoonmj@i2i.jp,Female,10.4.175.113
1913,Bren,Giriardelli,bgiriardellimk@cyberchimps.com,Male,12.118.131.174
1914,Kane,Leneve,kleneveml@tinyurl.com,Male,118.93.191.67
1915,Karine,Barszczewski,kbarszczewskimm@last.fm,Polygender,141.38.199.51
1916,Base,Plenderleith,bplenderleithmn@si.edu,Male,177.187.91.201
1917,Coleman,Spinas,cspinasmo@hhs.gov,Male,134.216.75.200
1918,Bryn,Shrimpton,bshrimptonmp@dot.gov,Female,209.224.210.251
1919,Marshal,Elbourne,melbournemq@instagram.com,Male,253.20.198.128
1920,Humbert,McComiskey,hmccomiskeymr@weebly.com,Male,178.68.79.74
1921,Schuyler,Dyer,sdyerms@infoseek.co.jp,Male,40.77.97.206
1922,Brier,Worlidge,bworlidgemt@alibaba.com,Female,103.13.167.107
1923,Timothee,Moakler,tmoaklermu@sciencedaily.com,Male,50.228.96.228
1924,Hollie,Fairfoull,hfairfoullmv@springer.com,Female,245.6.169.188
1925,Ashlin,Congram,acongrammw@chicagotribune.com,Male,251.113.29.195
1926,Kerry,Harmour,kharmourmx@google.co.uk,Genderqueer,0.120.85.22
1927,Sibyl,Euesden,seuesdenmy@cdc.gov,Male,205.194.204.70
1928,Irwinn,Skones,iskonesmz@illinois.edu,Male,246.191.194.253
1929,Mattias,Van der Hoven,mvanderhovenn0@gizmodo.com,Male,39.107.66.216
1930,Devin,Mulrean,dmulreann1@hhs.gov,Male,59.70.129.113
1931,Sybyl,Mahady,smahadyn2@privacy.gov.au,Female,119.191.198.190
1932,Rodd,Anwyl,ranwyln3@newsvine.com,Male,41.215.211.158
1933,Lina,Ryam,lryamn4@sohu.com,Female,213.149.146.245
1934,Gearard,MacSkeagan,gmacskeagann5@google.com.hk,Male,32.56.136.82
1935,Marcelle,Siderfin,msiderfinn6@symantec.com,Genderfluid,163.255.2.31
1936,Holt,Ugo,hugon7@4shared.com,Bigender,179.211.225.235
1937,Romola,Nellis,rnellisn8@twitpic.com,Female,42.102.87.135
1938,Betsy,Bottrill,bbottrilln9@webeden.co.uk,Bigender,210.211.137.209
1939,Klarrisa,Poyntz,kpoyntzna@adobe.com,Female,195.245.76.175
1940,Nanny,Coxon,ncoxonnb@tinypic.com,Female,73.93.188.56
1941,Kerk,Ferrer,kferrernc@surveymonkey.com,Non-binary,224.194.179.201
1942,Mattie,Belsey,mbelseynd@so-net.ne.jp,Male,113.231.133.243
1943,Den,Courtonne,dcourtonnene@networksolutions.com,Male,127.103.5.62
1944,Frank,Sheeran,fsheerannf@china.com.cn,Male,25.53.96.72
1945,Ellette,Masarrat,emasarratng@sfgate.com,Female,164.145.146.191
1946,Humfrey,Sulland,hsullandnh@state.tx.us,Male,42.46.143.207
1947,Paddy,Gurnay,pgurnayni@hostgator.com,Bigender,115.212.248.219
1948,Caralie,Mains,cmainsnj@amazon.de,Female,151.22.195.54
1949,Cheslie,Druery,cdruerynk@prlog.org,Female,217.69.92.153
1950,Charisse,Batchan,cbatchannl@bluehost.com,Female,110.72.113.47
1951,Ariadne,Furmonger,afurmongernm@wordpress.org,Female,229.154.24.240
1952,Kori,Freddi,kfreddinn@seattletimes.com,Female,250.129.244.149
1953,Jonathon,Belt,jbeltno@pagesperso-orange.fr,Male,87.27.239.25
1954,Pincas,Lyven,plyvennp@icq.com,Male,147.124.51.136
1955,Freida,Willcox,fwillcoxnq@usnews.com,Agender,45.46.94.183
1956,Ulrika,Fone,ufonenr@prlog.org,Female,209.151.78.100
1957,Cordie,Churching,cchurchingns@imgur.com,Agender,49.140.184.139
1958,Harriette,Craythorne,hcraythornent@squarespace.com,Female,25.160.137.53
1959,Dominique,Servant,dservantnu@g.co,Female,96.74.233.16
1960,Oneida,Benez,obeneznv@tumblr.com,Female,199.93.238.136
1961,Orion,Skoggings,oskoggingsnw@soup.io,Male,11.76.99.253
1962,Harcourt,O'Gavin,hogavinnx@sun.com,Male,128.28.31.99
1963,Hercule,Blankett,hblankettny@4shared.com,Polygender,60.124.5.46
1964,Marney,Wones,mwonesnz@cmu.edu,Female,204.67.56.182
1965,Yehudi,Saunton,ysauntono0@berkeley.edu,Male,54.126.65.251
1966,Genna,Dayce,gdayceo1@sbwire.com,Female,212.133.223.37
1967,Winifred,Dumphreys,wdumphreyso2@about.me,Female,132.25.241.69
1968,Worden,Hoffmann,whoffmanno3@hatena.ne.jp,Male,107.248.123.36
1969,Rochell,Raigatt,rraigatto4@amazon.com,Female,190.207.6.124
1970,Winny,Kealey,wkealeyo5@reuters.com,Male,49.207.141.169
1971,Moise,Prier,mpriero6@google.ca,Male,175.248.226.247
1972,Sanders,Jenton,sjentono7@eepurl.com,Male,12.102.86.227
1973,Maren,Burke,mburkeo8@whitehouse.gov,Agender,189.29.111.175
1974,Berke,Hanrott,bhanrotto9@exblog.jp,Male,77.178.171.168
1975,Hadleigh,Kiezler,hkiezleroa@dmoz.org,Male,131.99.75.63
1976,Yehudi,Vedeneev,yvedeneevob@ustream.tv,Male,14.105.3.161
1977,Rutledge,Burley,rburleyoc@cloudflare.com,Male,222.136.162.96
1978,Myrtle,Cuvley,mcuvleyod@bloglovin.com,Female,151.225.21.141
1979,Othelia,Baumadier,obaumadieroe@mozilla.org,Female,46.58.19.91
1980,Maryrose,Tumbridge,mtumbridgeof@360.cn,Female,178.244.63.41
1981,Jeremiah,Larcher,jlarcherog@bloglines.com,Male,102.132.226.172
1982,Ann-marie,D'Ambrogi,adambrogioh@altervista.org,Female,70.223.40.120
1983,Lethia,MacCardle,lmaccardleoi@china.com.cn,Female,57.3.125.243
1984,Sondra,McGorley,smcgorleyoj@studiopress.com,Female,44.236.38.140
1985,Maris,Booley,mbooleyok@squarespace.com,Agender,98.71.126.26
1986,Harlin,Collison,hcollisonol@meetup.com,Male,68.89.128.96
1987,Glenn,Pharro,gpharroom@apache.org,Polygender,11.122.52.106
1988,Jourdan,Haugh,jhaughon@globo.com,Female,43.3.87.199
1989,Janeczka,McLoughlin,jmcloughlinoo@friendfeed.com,Genderfluid,140.56.205.61
1990,Ciel,Kliment,cklimentop@businesswire.com,Female,117.206.213.191
1991,Emmerich,Chaize,echaizeoq@intel.com,Male,133.56.61.126
1992,Barrie,Dillestone,bdillestoneor@pbs.org,Female,158.162.180.117
1993,Gillan,Honatsch,ghonatschos@diigo.com,Female,135.126.198.128
1994,Rurik,Watmough,rwatmoughot@bing.com,Male,136.239.122.6
1995,Graehme,McIlwain,gmcilwainou@cmu.edu,Male,10.172.173.194
1996,Kristel,Tole,ktoleov@geocities.jp,Female,236.159.19.162
1997,Birgitta,Ellul,bellulow@tumblr.com,Female,227.228.210.107
1998,Maurise,Lambis,mlambisox@wikia.com,Male,44.32.111.235
1999,Faustine,Quoit,fquoitoy@oaic.gov.au,Female,211.155.186.201
2000,Anett,Deme,ademeoz@hostgator.com,Female,254.115.217.160
2001,Louella,May,lmayp0@pagesperso-orange.fr,Female,215.130.240.124
2002,Sydelle,Lafranconi,slafranconip1@unicef.org,Female,215.149.88.241
2003,Burk,Guinane,bguinanep2@ibm.com,Male,166.191.238.17
2004,Cherice,Wilmot,cwilmotp3@dagondesign.com,Female,213.52.226.107
2005,Elisha,Cheyenne,echeyennep4@bing.com,Female,148.210.221.116
2006,Engracia,Worms,ewormsp5@nature.com,Female,123.142.54.216
2007,Gawain,Doige,gdoigep6@ftc.gov,Male,123.111.186.151
2008,Orlan,Sandbach,osandbachp7@bluehost.com,Non-binary,116.192.112.69
2009,Zach,Di Roberto,zdirobertop8@bloglovin.com,Male,67.53.114.176
2010,Adolf,Noar,anoarp9@bluehost.com,Male,155.191.59.177
2011,Freddie,Tappor,ftapporpa@sina.com.cn,Male,33.86.106.20
2012,Mella,Cometto,mcomettopb@timesonline.co.uk,Female,30.195.125.53
2013,Othella,Durdan,odurdanpc@smh.com.au,Female,202.3.162.121
2014,Cristin,Chillingsworth,cchillingsworthpd@topsy.com,Female,71.222.71.215
2015,Casandra,Dunkerly,cdunkerlype@gov.uk,Female,77.25.228.231
2016,Kristoffer,Calvie,kcalviepf@nytimes.com,Male,68.62.82.236
2017,Efren,Venmore,evenmorepg@chicagotribune.com,Male,236.233.125.23
2018,Evan,Philps,ephilpsph@t.co,Male,37.129.65.5
2019,Norina,Goodman,ngoodmanpi@nhs.uk,Genderfluid,99.229.151.131
2020,Chandra,Areles,carelespj@altervista.org,Bigender,136.56.240.22
2021,Bryon,Heberden,bheberdenpk@storify.com,Male,84.196.124.93
2022,Gus,Shoesmith,gshoesmithpl@latimes.com,Female,44.171.66.142
2023,Leann,Sired,lsiredpm@discuz.net,Female,221.195.167.178
2024,Kaspar,Stallan,kstallanpn@creativecommons.org,Agender,82.118.175.149
2025,Jasper,Hauck,jhauckpo@addthis.com,Male,132.28.70.75
2026,Wendall,Beckenham,wbeckenhampp@naver.com,Male,15.219.125.117
2027,Dalton,Fantone,dfantonepq@cnet.com,Male,166.186.253.243
2028,Dolf,Sansbury,dsansburypr@dailymail.co.uk,Male,118.170.138.230
2029,Cinnamon,Novotne,cnovotneps@state.tx.us,Female,54.59.4.75
2030,Faye,Langstone,flangstonept@netlog.com,Female,157.248.115.165
2031,Theo,Pavel,tpavelpu@chicagotribune.com,Male,169.200.104.77
2032,Shanta,Feechan,sfeechanpv@topsy.com,Female,80.189.82.104
2033,Roddie,Crossdale,rcrossdalepw@goodreads.com,Male,168.151.71.10
2034,Jeannie,Pochin,jpochinpx@virginia.edu,Female,99.110.198.217
2035,Roxanna,Yearby,ryearbypy@gravatar.com,Female,118.227.79.73
2036,Norma,Ciric,nciricpz@vk.com,Female,59.223.145.189
2037,Sholom,Robillard,srobillardq0@cmu.edu,Male,175.177.112.162
2038,Jodee,Flicker,jflickerq1@ow.ly,Agender,36.47.89.248
2039,Wendel,Bletso,wbletsoq2@edublogs.org,Male,76.204.193.30
2040,Woodman,Iglesia,wiglesiaq3@github.com,Male,188.208.95.133
2041,Brier,D'Almeida,bdalmeidaq4@senate.gov,Female,170.165.163.218
2042,Royal,Leyton,rleytonq5@hexun.com,Bigender,157.118.191.70
2043,Rip,Andreini,randreiniq6@weibo.com,Male,250.65.9.195
2044,Randall,Dudderidge,rdudderidgeq7@nifty.com,Male,89.99.42.255
2045,Viviana,Snookes,vsnookesq8@cnbc.com,Female,101.135.52.237
2046,Meir,Cafe,mcafeq9@cdc.gov,Male,7.170.218.187
2047,Tann,Oxenford,toxenfordqa@merriam-webster.com,Male,234.241.137.100
2048,Lyndsie,Dolling,ldollingqb@stanford.edu,Female,227.98.254.24
2049,Grady,Stoddard,gstoddardqc@tiny.cc,Genderfluid,212.214.186.47
2050,Freemon,Lorait,floraitqd@who.int,Male,70.7.182.128
2051,Kendell,Chilcott,kchilcottqe@nbcnews.com,Male,115.94.191.165
2052,Brynne,McTerry,bmcterryqf@istockphoto.com,Female,103.119.27.3
2053,Gretta,Selland,gsellandqg@discovery.com,Female,41.217.179.65
2054,Daniel,Climer,dclimerqh@time.com,Male,36.44.188.66
2055,Curry,Argent,cargentqi@time.com,Male,70.247.216.120
2056,Herby,Scramage,hscramageqj@ask.com,Male,159.16.183.94
2057,Beau,Conaghan,bconaghanqk@google.co.uk,Male,16.77.115.86
2058,Dennie,Ferier,dferierql@fema.gov,Male,122.97.188.57
2059,Artemas,McKeady,amckeadyqm@apple.com,Male,197.155.72.164
2060,Kamillah,Schwandermann,kschwandermannqn@de.vu,Female,193.173.201.81
2061,Wally,Kaasmann,wkaasmannqo@reuters.com,Female,66.50.197.22
2062,Moises,Pitts,mpittsqp@blogger.com,Male,218.250.132.209
2063,Kathlin,Heald,khealdqq@4shared.com,Female,73.130.254.70
2064,Seamus,Vousden,svousdenqr@bbb.org,Male,52.232.79.102
2065,Roxana,Hardinge,rhardingeqs@who.int,Female,225.234.43.95
2066,Anton,Rottenbury,arottenburyqt@jalbum.net,Male,206.187.200.149
2067,Ole,Blazewski,oblazewskiqu@oracle.com,Male,109.117.67.225
2068,Yettie,Layson,ylaysonqv@123-reg.co.uk,Female,217.213.244.158
2069,Selby,Ricca,sriccaqw@usa.gov,Male,157.254.229.19
2070,Consolata,Bakeup,cbakeupqx@ocn.ne.jp,Non-binary,248.113.95.92
2071,Abbie,Fleis,afleisqy@irs.gov,Male,159.2.233.114
2072,Kalindi,Vineall,kvineallqz@gmpg.org,Female,245.184.143.109
2073,Coraline,Cuttle,ccuttler0@go.com,Genderfluid,126.168.250.4
2074,Chloette,Dickinson,cdickinsonr1@slate.com,Female,128.132.123.89
2075,Patrizia,Vasyutochkin,pvasyutochkinr2@amazon.co.jp,Female,10.112.30.43
2076,Penny,Goolding,pgooldingr3@symantec.com,Female,24.153.22.167
2077,Albertine,Smeal,asmealr4@com.com,Female,49.83.45.28
2078,Pippy,Gennrich,pgennrichr5@friendfeed.com,Bigender,61.152.29.107
2079,Clemens,Lamanby,clamanbyr6@microsoft.com,Genderfluid,37.68.87.103
2080,Felic,Wohler,fwohlerr7@go.com,Male,34.151.228.230
2081,Josepha,Sawford,jsawfordr8@gmpg.org,Female,200.212.80.238
2082,Blayne,Fowles,bfowlesr9@aboutads.info,Male,176.123.40.157
2083,Denna,Durnan,ddurnanra@elpais.com,Female,181.105.192.195
2084,Ewell,Winsiowiecki,ewinsiowieckirb@admin.ch,Male,225.93.12.122
2085,Roxi,Burling,rburlingrc@engadget.com,Female,90.181.59.243
2086,Eberhard,Delamaine,edelamainerd@de.vu,Male,176.36.55.75
2087,Raychel,Spratt,rsprattre@sun.com,Female,175.162.223.61
2088,Boothe,Coventry,bcoventryrf@wix.com,Male,65.219.59.183
2089,Sayers,Von Salzberg,svonsalzbergrg@google.co.jp,Male,251.51.111.13
2090,Eustacia,McConaghy,emcconaghyrh@nsw.gov.au,Female,133.64.1.77
2091,Pren,Marty,pmartyri@google.de,Male,230.81.236.153
2092,Mickey,Necrews,mnecrewsrj@state.gov,Male,59.200.136.96
2093,Tory,Mazzilli,tmazzillirk@wisc.edu,Female,160.91.131.163
2094,Bee,Uccelli,buccellirl@newyorker.com,Agender,234.253.122.202
2095,Adelaide,Phippard,aphippardrm@flavors.me,Female,63.176.251.192
2096,Karlens,Dislee,kdisleern@newsvine.com,Male,79.198.224.147
2097,Connor,Geraud,cgeraudro@theglobeandmail.com,Male,4.179.144.118
2098,Roda,Bernardez,rbernardezrp@ning.com,Female,96.57.216.179
2099,Vilhelmina,Fonzo,vfonzorq@cdbaby.com,Female,141.104.107.43
2100,Waylon,Shambroke,wshambrokerr@homestead.com,Male,46.19.187.155
