id,first_name,last_name,email,gender,ip_address
101,Skippy,Hammonds,shammonds0@canalblog.com,Male,183.127.222.96
102,Ruddie,Le Merchant,rlemerchant1@java.com,Male,221.107.236.37
103,Marcelia,Adriani,madriani2@virginia.edu,Female,231.4.99.35
104,Jarred,Havvock,jhavvock3@independent.co.uk,Male,231.12.189.101
105,Kitty,Boribal,kboribal4@discuz.net,Bigender,67.220.237.71
106,Andy,Moncreiff,amoncreiff5@phoca.cz,Female,224.249.151.190
107,Lisabeth,Lawes,llawes6@nsw.gov.au,Female,21.189.195.141
108,Kaitlyn,Lieber,klieber7@de.vu,Female,40.148.206.169
109,Raul,Dumbrall,rdumbrall8@wired.com,Male,216.243.125.208
110,Tobie,Roxburgh,troxburgh9@sphinn.com,Male,60.40.17.52
111,Bevvy,Goard,bgoarda@amazon.de,Female,176.131.94.83
112,Sallee,Sikora,ssikorab@harvard.edu,Female,130.237.69.183
113,Tades,Cottesford,tcottesfordc@illinois.edu,Male,173.100.147.222
114,Herminia,Dallimore,hdallimored@newyorker.com,Female,106.238.240.191
115,Aurel,Boyfield,aboyfielde@t.co,Female,173.156.213.68
116,Jobye,Qusklay,jqusklayf@ebay.com,Female,130.34.194.202
117,Enrico,Skillington,eskillingtong@eepurl.com,Male,110.189.40.139
118,Vachel,Comberbach,vcomberbachh@github.com,Bigender,151.196.119.178
119,Clarisse,Tower,ctoweri@wiley.com,Female,191.89.203.207
120,Phaidra,Castella,pcastellaj@1688.com,Female,200.163.11.191
121,Chevy,Forri,cforrik@mozilla.com,Male,43.11.64.167
122,Jory,Arnaudi,jarnaudil@virginia.edu,Male,157.168.71.106
123,Vasili,Joiner,vjoinerm@fotki.com,Male,134.252.254.71
124,Costa,McKeachie,cmckeachien@drupal.org,Male,98.38.99.219
125,Katrina,Laughnan,klaughnano@smh.com.au,Female,217.52.8.169
126,Eziechiele,Gawke,egawkep@a8.net,Male,149.252.124.228
127,Fonzie,Luigi,fluigiq@google.co.uk,Male,35.6.248.78
128,Hoebart,Tibbits,htibbitsr@nytimes.com,Male,82.98.95.203
129,Jourdan,Lindstrom,jlindstroms@cnn.com,Female,171.147.245.223
130,Edik,Nusche,enuschet@yelp.com,Male,113.128.96.78
131,Vick,Hutable,vhutableu@theatlantic.com,Non-binary,11.44.40.65
132,Hodge,Burgin,hburginv@nih.gov,Male,166.114.78.137
133,Lorettalorna,Leefe,lleefew@blogs.com,Female,55.251.116.91
134,Gerti,McTrustey,gmctrusteyx@rambler.ru,Female,40.48.17.74
135,Kerwin,Bicknell,kbicknelly@macromedia.com,Male,254.127.136.40
136,Audra,Crozier,acrozierz@miibeian.gov.cn,Female,245.43.77.167
137,Dedra,Francklin,dfrancklin10@columbia.edu,Female,179.142.170.77
138,Jeri,Nuttall,jnuttall11@pcworld.com,Female,101.210.104.148
139,Edmund,Gowthrop,egowthrop12@fc2.com,Male,227.200.245.45
140,Fred,Swansbury,fswansbury13@hatena.ne.jp,Male,62.217.244.115
141,Stephanus,Bufton,sbufton14@toplist.cz,Male,230.87.203.12
142,Gram,Cuddon,gcuddon15@cdbaby.com,Male,45.239.80.137
143,Nadine,Posnett,nposnett16@blogspot.com,Female,204.185.236.221
144,Georgena,Ayers,gayers17@behance.net,Female,52.200.64.15
145,Tomas,Tilbrook,ttilbrook18@barnesandnoble.com,Male,251.154.253.156
146,Hale,Naisby,hnaisby19@hostgator.com,Male,243.95.36.162
147,Donnajean,Howman,dhowman1a@comcast.net,Female,41.100.233.145
148,Cassandra,Struijs,cstruijs1b@usa.gov,Female,179.247.95.82
149,Hubert,Rivett,hrivett1c@1688.com,Male,186.209.224.225
150,Michale,Janku,mjanku1d@globo.com,Polygender,156.15.143.20
151,Stephie,Mycroft,smycroft1e@rakuten.co.jp,Female,121.47.43.36
152,Ario,Josephov,ajosephov1f@etsy.com,Male,11.173.209.36
153,Yorgo,Serot,yserot1g@wunderground.com,Male,235.44.255.146
154,Winny,Motten,wmotten1h@nsw.gov.au,Female,108.165.21.205
155,Dee dee,Haile,dhaile1i@answers.com,Female,134.101.71.81
156,Zabrina,Bunton,zbunton1j@dion.ne.jp,Female,34.1.165.0
157,Emalee,Cesconi,ecesconi1k@pbs.org,Female,134.253.237.126
158,Lizzie,Littledike,llittledike1l@foxnews.com,Female,133.33.78.63
159,Blane,Kerner,bkerner1m@booking.com,Male,152.7.124.254
160,Kat,Moralas,kmoralas1n@cdc.gov,Female,213.131.217.166
161,Kimble,Chessum,kchessum1o@adobe.com,Male,250.124.168.34
162,Thorndike,Noton,tnoton1p@ft.com,Male,54.90.211.241
163,Hildegaard,Halwood,hhalwood1q@newyorker.com,Female,186.192.207.207
164,Albie,Sillett,asillett1r@123-reg.co.uk,Male,26.5.112.115
165,Tallulah,Heaslip,theaslip1s@desdev.cn,Female,127.224.165.163
166,Kessia,Tynewell,ktynewell1t@hao123.com,Female,152.63.42.132
167,Godiva,Ilyukhov,gilyukhov1u@mit.edu,Female,32.90.175.79
168,Melessa,Bramah,mbramah1v@myspace.com,Female,228.39.126.148
169,Tamara,McArdle,tmcardle1w@seattletimes.com,Non-binary,230.53.200.254
170,Hertha,Hunnawill,hhunnawill1x@ftc.gov,Female,133.73.55.102
171,Loretta,Scotchmur,lscotchmur1y@gizmodo.com,Polygender,82.249.20.97
172,Buiron,Brinkworth,bbrinkworth1z@vistaprint.com,Male,172.8.137.180
173,Ellynn,McIlraith,emcilraith20@miitbeian.gov.cn,Female,141.249.73.76
174,Corly,Bream,cbream21@netscape.com,Female,96.235.99.130
175,Chanda,Shearer,cshearer22@amazon.co.uk,Female,184.93.101.160
176,Lola,Breming,lbreming23@china.com.cn,Female,229.67.19.50
177,Catha,Comberbach,ccomberbach24@livejournal.com,Female,23.47.191.65
178,Pavlov,Lease,please25@hud.gov,Male,186.77.175.174
179,Hamnet,Kulas,hkulas26@boston.com,Male,90.213.176.117
180,Violante,Ojeda,vojeda27@wordpress.org,Female,196.181.98.170
181,Bonny,Dumingos,bdumingos28@last.fm,Female,79.25.180.35
182,Rena,Toby,rtoby29@elegantthemes.com,Female,252.85.250.134
183,Bernadette,Roswarn,broswarn2a@admin.ch,Female,66.68.228.41
184,Fanni,Penning,fpenning2b@house.gov,Polygender,251.174.33.123
185,Loralee,Euston,leuston2c@posterous.com,Female,173.74.240.146
186,Ruprecht,Simonou,rsimonou2d@myspace.com,Male,81.210.42.73
187,Vernor,Dodworth,vdodworth2e@bloomberg.com,Male,59.136.98.178
188,Karlee,Donaway,kdonaway2f@webs.com,Female,157.150.161.127
189,Gerry,Bazely,gbazely2g@ehow.com,Female,30.68.198.136
190,Peirce,Waldocke,pwaldocke2h@yale.edu,Male,163.157.192.46
191,Josepha,Cancott,jcancott2i@aol.com,Female,215.66.33.64
192,Toddie,Seabrooke,tseabrooke2j@microsoft.com,Male,223.182.47.201
193,Hildagard,Eatherton,heatherton2k@alibaba.com,Female,115.171.127.43
194,Prinz,Bonnin,pbonnin2l@upenn.edu,Non-binary,65.84.150.242
195,Harriette,Kenafaque,hkenafaque2m@si.edu,Female,11.242.232.23
196,Cammy,Goodbarr,cgoodbarr2n@hibu.com,Male,181.169.239.128
197,Frasco,Bellie,fbellie2o@goodreads.com,Male,32.14.95.204
198,Filmer,Sex,fsex2p@who.int,Male,12.232.135.45
199,Cherish,Sherebrook,csherebrook2q@youtu.be,Female,77.237.208.22
200,Inglis,Sailes,isailes2r@mlb.com,Male,30.111.31.58
201,Audry,Wharfe,awharfe2s@wp.com,Female,99.73.205.203
202,Orbadiah,Mannakee,omannakee2t@nsw.gov.au,Male,192.202.2.49
203,Kenyon,Cabena,kcabena2u@ucoz.ru,Male,179.139.158.82
204,Cecilla,Maggorini,cmaggorini2v@hexun.com,Female,128.171.76.83
205,Rudyard,Waren,rwaren2w@tinyurl.com,Male,100.3.233.77
206,Berk,Cullon,bcullon2x@ustream.tv,Male,79.31.69.86
207,Nickolaus,Smalcombe,nsmalcombe2y@exblog.jp,Male,228.2.174.145
208,Blakelee,Towl,btowl2z@hp.com,Female,12.0.215.138
209,Denise,Jales,djales30@tinyurl.com,Female,201.25.89.17
210,Jojo,Stoneham,jstoneham31@apple.com,Female,24.122.113.58
211,Arlee,Dadge,adadge32@skype.com,Female,45.238.189.41
212,Noll,Hucknall,nhucknall33@fotki.com,Male,209.253.249.79
213,Beverley,Blanche,bblanche34@hc360.com,Female,196.0.146.23
214,Dewitt,McKeefry,dmckeefry35@ovh.net,Male,50.134.170.206
215,Simmonds,Longmire,slongmire36@de.vu,Male,28.117.16.21
216,Alexei,Whiley,awhiley37@discovery.com,Male,115.39.85.106
217,Emile,McCrory,emccrory38@sfgate.com,Male,161.27.42.212
218,Jay,Boddington,jboddington39@google.nl,Male,186.125.105.101
219,Samaria,Schermick,sschermick3a@cpanel.net,Female,224.111.151.189
220,Giustino,Jansens,gjansens3b@sourceforge.net,Male,136.76.194.80
221,Horton,Brushfield,hbrushfield3c@blinklist.com,Male,249.15.81.100
222,Iggy,Gregorowicz,igregorowicz3d@1und1.de,Genderfluid,217.121.108.233
223,Phaidra,Brute,pbrute3e@odnoklassniki.ru,Female,2.73.184.183
224,Obediah,Brickner,obrickner3f@opera.com,Male,197.15.137.80
225,Nichole,Vasquez,nvasquez3g@ycombinator.com,Male,47.160.82.206
226,Saunder,Christophle,schristophle3h@aol.com,Agender,31.248.24.14
227,Clovis,Ryan,cryan3i@histats.com,Female,166.5.42.139
228,Raquel,Brunelli,rbrunelli3j@networksolutions.com,Female,172.191.155.140
229,Elissa,Camber,ecamber3k@sphinn.com,Female,218.210.34.23
230,Alfy,Embling,aembling3l@mozilla.com,Male,99.77.246.3
231,Stafford,Apfel,sapfel3m@unicef.org,Male,136.67.169.200
232,Rosetta,Dietzler,rdietzler3n@dedecms.com,Female,79.121.11.72
233,Cully,Occleshaw,coccleshaw3o@nationalgeographic.com,Male,248.200.177.125
234,Tanney,Morsley,tmorsley3p@odnoklassniki.ru,Male,84.15.52.94
235,Gustavo,Newcomb,gnewcomb3q@loc.gov,Male,74.30.225.196
236,Garvy,Sighard,gsighard3r@ning.com,Male,194.70.57.155
237,Kirk,Asche,kasche3s@loc.gov,Male,156.188.242.151
238,Rutherford,Bartolomeotti,rbartolomeotti3t@delicious.com,Male,225.128.161.117
239,Spenser,Davydzenko,sdavydzenko3u@scientificamerican.com,Male,99.17.14.65
240,Ryun,Wolland,rwolland3v@dagondesign.com,Male,187.60.116.19
241,Boonie,Shuttle,bshuttle3w@bbc.co.uk,Male,48.231.255.233
242,Wyn,Bolf,wbolf3x@xing.com,Male,4.144.38.41
243,Gonzales,Ferroni,gferroni3y@wikia.com,Polygender,200.66.192.116
244,Hilary,Schankelborg,hschankelborg3z@smugmug.com,Male,109.71.225.189
245,Barbabas,Shannahan,bshannahan40@bigcartel.com,Male,47.127.139.100
246,Kennett,De Biaggi,kdebiaggi41@sina.com.cn,Male,21.97.178.133
247,Tandie,Harring,tharring42@cbslocal.com,Female,2.136.24.75
248,Sheppard,Wyllie,swyllie43@gnu.org,Male,155.176.233.74
249,Carmine,Preston,cpreston44@wunderground.com,Male,153.22.41.168
250,Grenville,Chippindall,gchippindall45@hexun.com,Male,113.228.28.16
251,Archambault,Muino,amuino46@prlog.org,Male,69.225.187.79
252,Nancee,Maneylaws,nmaneylaws47@ucla.edu,Female,243.225.17.240
253,Bonita,Gwyther,bgwyther48@linkedin.com,Female,207.78.137.42
254,Elvyn,Hartington,ehartington49@ft.com,Male,133.78.168.24
255,Bartie,Burehill,bburehill4a@vimeo.com,Male,184.94.102.47
256,Deb,Courtese,dcourtese4b@latimes.com,Female,253.154.41.177
257,Georgiana,Dibner,gdibner4c@cocolog-nifty.com,Female,84.89.177.179
258,Susan,Marrow,smarrow4d@examiner.com,Female,209.233.84.107
259,Roxanna,Ferrario,rferrario4e@cocolog-nifty.com,Female,150.69.138.22
260,Huntlee,Ruddom,hruddom4f@prlog.org,Male,24.154.70.88
261,Jamil,Smallridge,jsmallridge4g@flickr.com,Genderqueer,176.223.221.134
262,Wilhelmina,Chappelow,wchappelow4h@digg.com,Female,165.99.129.15
263,Oby,Batman,obatman4i@scribd.com,Male,26.13.35.29
264,Mikkel,Immer,mimmer4j@who.int,Male,204.223.129.30
265,Gabriello,Jaime,gjaime4k@nifty.com,Male,225.246.107.249
266,Allistir,Peartree,apeartree4l@adobe.com,Male,26.116.249.195
267,Randy,Rowlett,rrowlett4m@edublogs.org,Male,196.149.218.200
268,Lombard,Belli,lbelli4n@bigcartel.com,Male,219.116.240.67
269,Pru,Stollenwerck,pstollenwerck4o@jalbum.net,Female,117.95.159.23
270,Hesther,Jeanel,hjeanel4p@cargocollective.com,Female,3.139.221.214
271,Vanya,Watsham,vwatsham4q@meetup.com,Male,134.13.6.185
272,Jaimie,Blinkhorn,jblinkhorn4r@census.gov,Female,235.232.173.21
273,Elmo,Butterly,ebutterly4s@networkadvertising.org,Male,36.219.235.208
274,Yvon,Lindenberg,ylindenberg4t@shinystat.com,Male,208.130.43.147
275,Taddeo,Arlott,tarlott4u@ucla.edu,Male,155.87.200.198
276,Wendel,Eliff,weliff4v@intel.com,Male,194.64.111.144
277,Bev,Siely,bsiely4w@xrea.com,Genderqueer,147.19.205.242
278,Lisette,Olivia,lolivia4x@arstechnica.com,Female,244.103.108.199
279,Philbert,O'Roan,poroan4y@craigslist.org,Male,35.249.41.26
280,Mick,Goodayle,mgoodayle4z@tiny.cc,Male,163.132.251.63
281,Fey,Kiehne,fkiehne50@bigcartel.com,Female,216.38.99.106
282,Adella,Joincey,ajoincey51@histats.com,Female,165.109.132.98
283,Lynnett,Atkinson,latkinson52@fda.gov,Female,107.99.111.37
284,Osbert,Curror,ocurror53@army.mil,Male,174.29.122.5
285,Wendi,Antcliff,wantcliff54@bigcartel.com,Female,118.124.137.18
286,Pierce,Menpes,pmenpes55@google.com,Male,122.219.113.210
287,Delmer,Shory,dshory56@miitbeian.gov.cn,Male,153.236.237.31
288,Demetris,Vials,dvials57@opera.com,Male,185.58.115.169
289,Jarrad,Schafer,jschafer58@cyberchimps.com,Male,26.15.77.125
290,Angela,Grimbleby,agrimbleby59@ibm.com,Female,142.116.203.61
291,Tab,Secker,tsecker5a@sakura.ne.jp,Male,123.66.51.0
292,Mariette,Eisenberg,meisenberg5b@typepad.com,Genderfluid,136.80.225.248
293,Monroe,Boddington,mboddington5c@cyberchimps.com,Genderfluid,7.230.210.217
294,Devonne,De Brett,ddebrett5d@sohu.com,Female,131.232.197.232
295,Adelina,Minchenton,aminchenton5e@soundcloud.com,Female,73.51.157.68
296,Edouard,Barthel,ebarthel5f@deviantart.com,Male,201.139.231.152
297,Chaunce,Prandi,cprandi5g@addtoany.com,Male,217.71.21.69
298,Aurlie,Kliesl,akliesl5h@joomla.org,Female,112.100.37.54
299,Liza,Fenlon,lfenlon5i@sphinn.com,Female,32.73.62.133
300,Townsend,Wyleman,twyleman5j@skyrock.com,Male,220.233.82.148
301,Base,Rudeyeard,brudeyeard5k@uiuc.edu,Male,89.83.178.48
302,Alexis,Josupeit,ajosupeit5l@mashable.com,Non-binary,140.75.69.224
303,Kimberley,Adshed,kadshed5m@lycos.com,Female,148.193.162.19
304,Legra,Havesides,lhavesides5n@ehow.com,Female,175.252.239.200
305,Hinze,Shovlar,hshovlar5o@flavors.me,Male,80.232.100.60
306,Michal,Newham,mnewham5p@chron.com,Female,254.128.173.171
307,Laverne,Dockreay,ldockreay5q@shop-pro.jp,Female,235.64.175.149
308,Kory,Zanioletti,kzanioletti5r@a8.net,Male,225.127.34.189
309,Caritta,Dowthwaite,cdowthwaite5s@wikimedia.org,Female,233.29.139.193
310,Tobe,Ilyinykh,tilyinykh5t@yolasite.com,Male,115.187.242.16
311,Egon,Pitherick,epitherick5u@rambler.ru,Male,240.160.3.110
312,York,Pieroni,ypieroni5v@arstechnica.com,Male,126.120.19.49
313,Heindrick,Gott,hgott5w@time.com,Male,99.235.24.6
314,Jacqui,Postle,jpostle5x@ezinearticles.com,Female,44.74.250.129
315,Wynne,Belton,wbelton5y@wikispaces.com,Female,100.203.142.210
316,Atlanta,Nusche,anusche5z@ihg.com,Female,27.217.204.214
317,Ruthie,Maron,rmaron60@ezinearticles.com,Female,165.228.80.60
318,Bailie,Martusewicz,bmartusewicz61@state.gov,Agender,174.45.38.76
319,Gayler,Hursey,ghursey62@mozilla.com,Male,97.42.111.245
320,Abbi,Hoodspeth,ahoodspeth63@cmu.edu,Agender,66.45.208.18
321,Averill,Jesse,ajesse64@google.com,Male,111.154.219.6
322,Aleksandr,Sergeant,asergeant65@bravesites.com,Male,185.171.69.243
323,Cacilia,Sanford,csanford66@nbcnews.com,Female,214.17.207.110
324,Maurise,Posthill,mposthill67@icio.us,Female,209.102.153.109
325,Ynez,Ilson,yilson68@rambler.ru,Female,122.182.203.127
326,Agustin,Rawkesby,arawkesby69@themeforest.net,Male,183.237.161.50
327,Jane,Morsom,jmorsom6a@mozilla.org,Female,221.250.51.67
328,Hartwell,Devenny,hdevenny6b@usda.gov,Male,94.55.232.142
329,Danni,Brankley,dbrankley6c@flickr.com,Female,99.205.122.168
330,Bo,Gothrup,bgothrup6d@time.com,Male,203.107.90.251
331,Gabie,Gason,ggason6e@histats.com,Male,100.45.170.136
332,Ada,Jarrold,ajarrold6f@ow.ly,Female,140.102.126.166
333,Olin,Ribbens,oribbens6g@myspace.com,Male,123.207.167.8
334,Hervey,O'Skehan,hoskehan6h@a8.net,Male,43.68.1.51
335,Erik,Salatino,esalatino6i@tinyurl.com,Male,220.106.157.101
336,Chev,Genicke,cgenicke6j@tinypic.com,Male,206.78.198.128
337,Cyndi,Dumbell,cdumbell6k@tamu.edu,Female,85.236.116.213
338,Rodolph,Yashunin,ryashunin6l@sun.com,Male,96.18.183.201
339,Donaugh,Harewood,dharewood6m@usgs.gov,Male,93.1.30.241
340,Jabez,Auger,jauger6n@dailymotion.com,Male,187.106.156.117
341,Fidel,Mattisson,fmattisson6o@t.co,Male,169.56.149.180
342,Bridgette,Eccersley,beccersley6p@barnesandnoble.com,Female,112.161.142.83
343,Arda,Brychan,abrychan6q@miitbeian.gov.cn,Female,196.27.67.247
344,Larry,Geer,lgeer6r@ibm.com,Male,55.150.170.50
345,Trip,Bullimore,tbullimore6s@about.me,Male,214.99.11.142
346,Blakeley,Horrell,bhorrell6t@amazon.com,Female,32.60.206.36
347,Roderick,Makeswell,rmakeswell6u@globo.com,Male,177.10.122.34
348,Melly,Lansley,mlansley6v@youtu.be,Female,16.233.6.5
349,Saunder,Skiplorne,sskiplorne6w@mapquest.com,Male,26.144.189.248
350,Poppy,Cantos,pcantos6x@fotki.com,Female,59.117.62.128
351,Leroy,Britnell,lbritnell6y@infoseek.co.jp,Male,247.217.53.45
352,Valdemar,Glassborow,vglassborow6z@wiley.com,Male,157.204.215.201
353,Dione,Jehu,djehu70@liveinternet.ru,Female,201.218.184.105
354,Katuscha,Welch,kwelch71@issuu.com,Female,52.108.160.49
355,Onofredo,Yakovl,oyakovl72@nyu.edu,Male,219.114.164.97
356,Marietta,Lease,mlease73@parallels.com,Male,158.64.208.139
357,Annabela,Gething,agething74@naver.com,Polygender,198.246.157.105
358,Hermina,Doud,hdoud75@cmu.edu,Female,87.145.19.198
359,Aldin,Saltmarsh,asaltmarsh76@howstuffworks.com,Male,136.146.122.251
360,Maximilianus,Colvie,mcolvie77@w3.org,Male,65.105.128.136
361,Booth,Romero,bromero78@networkadvertising.org,Male,26.234.106.124
362,Coletta,Ames,cames79@elpais.com,Female,183.36.136.195
363,Junette,Rissen,jrissen7a@uol.com.br,Female,253.29.15.113
364,Correy,Fellows,cfellows7b@i2i.jp,Female,61.79.170.250
365,Jsandye,Dillistone,jdillistone7c@ftc.gov,Female,130.175.37.69
366,Marita,Yeude,myeude7d@archive.org,Female,130.19.162.166
367,Warde,Happs,whapps7e@dailymotion.com,Male,181.185.15.193
368,Elihu,Albertson,ealbertson7f@techcrunch.com,Male,17.134.175.189
369,Phyllys,Duerden,pduerden7g@i2i.jp,Female,106.32.217.70
370,Maris,Nottram,mnottram7h@epa.gov,Female,212.246.137.1
371,Phillida,Ricardin,pricardin7i@facebook.com,Female,53.63.183.75
372,Babb,Nuton,bnuton7j@phoca.cz,Female,214.182.67.25
373,Thalia,Winckworth,twinckworth7k@nytimes.com,Female,201.207.232.36
374,Husain,Fucher,hfucher7l@irs.gov,Male,12.241.191.248
375,Devora,Bryning,dbryning7m@jigsy.com,Female,131.180.212.219
376,Betta,Shorie,bshorie7n@joomla.org,Female,8.111.164.201
377,Ikey,Cripwell,icripwell7o@digg.com,Male,134.129.221.114
378,Sam,Heinschke,sheinschke7p@psu.edu,Female,94.207.204.161
379,Laina,Oleksiak,loleksiak7q@mapquest.com,Female,159.35.53.126
380,Emmy,Spoor,espoor7r@unesco.org,Female,160.113.36.82
381,Claudine,Caulkett,ccaulkett7s@answers.com,Female,232.180.207.186
382,Fredrick,Scamadin,fscamadin7t@independent.co.uk,Male,38.154.65.82
383,Hedda,D'eathe,hdeathe7u@w3.org,Female,89.88.3.73
384,Fayina,Morman,fmorman7v@theglobeandmail.com,Female,2.86.31.91
385,Lynn,Southwell,lsouthwell7w@dot.gov,Male,151.206.10.7
386,Jewel,Swafford,jswafford7x@state.gov,Female,239.98.6.50
387,Lars,Walcar,lwalcar7y@ihg.com,Male,73.29.26.247
388,Donavon,Stockin,dstockin7z@unc.edu,Male,174.186.212.138
389,Basilius,Laxon,blaxon80@seesaa.net,Male,22.168.231.37
390,Chen,Ends,cends81@a8.net,Male,154.93.88.27
391,Kingston,Von Brook,kvonbrook82@theatlantic.com,Non-binary,198.119.180.90
392,Fayre,Perigoe,fperigoe83@spiegel.de,Female,221.70.203.154
393,Ray,Burmaster,rburmaster84@utexas.edu,Male,54.159.148.158
394,Tammie,Crumbleholme,tcrumbleholme85@chronoengine.com,Male,179.246.233.79
395,Alford,Liddyard,aliddyard86@miitbeian.gov.cn,Male,87.240.153.204
396,Harlie,Agates,hagates87@walmart.com,Female,63.60.82.72
397,Catherin,Reddish,creddish88@hao123.com,Female,192.79.19.138
398,Tremain,Labram,tlabram89@php.net,Male,32.192.33.135
399,Kaia,Giraudat,kgiraudat8a@npr.org,Female,156.7.30.191
400,Genovera,Mallinder,gmallinder8b@java.com,Female,92.200.188.199
401,Chrissie,Coxen,ccoxen8c@uiuc.edu,Male,186.181.167.167
402,Ingeborg,Ten Broek,itenbroek8d@nationalgeographic.com,Female,131.140.95.90
403,Temple,McNalley,tmcnalley8e@un.org,Male,59.234.208.96
404,Monro,Tilburn,mtilburn8f@netlog.com,Male,62.247.237.72
405,Jessa,Klulik,jklulik8g@bandcamp.com,Female,107.21.169.137
406,Lettie,Warmington,lwarmington8h@cnn.com,Bigender,177.226.96.210
407,Antoine,Illyes,aillyes8i@surveymonkey.com,Male,185.98.201.205
408,Jessie,Bozier,jbozier8j@nps.gov,Female,49.15.21.119
409,Bertie,Bolle,bbolle8k@imgur.com,Male,159.180.208.124
410,Glynnis,Haughin,ghaughin8l@canalblog.com,Female,223.49.13.133
411,Erinn,Covolini,ecovolini8m@wordpress.com,Female,161.182.157.88
412,Matt,Blewis,mblewis8n@yellowbook.com,Male,93.213.46.186
413,Lenci,Alloway,lalloway8o@addthis.com,Male,60.4.137.50
414,Gard,Hulle,ghulle8p@nps.gov,Male,7.231.45.18
415,Colas,Citrine,ccitrine8q@microsoft.com,Male,173.203.151.53
416,Odetta,Ferrillio,oferrillio8r@usatoday.com,Female,39.150.97.109
417,Nolly,Chisnell,nchisnell8s@csmonitor.com,Male,103.77.95.42
418,Irving,Duhig,iduhig8t@timesonline.co.uk,Male,254.222.56.36
419,Eudora,Jolliff,ejolliff8u@newyorker.com,Female,248.201.81.170
420,Nevin,MacKettrick,nmackettrick8v@hubpages.com,Male,164.122.247.206
421,Pattin,Boreham,pboreham8w@slate.com,Male,244.52.178.192
422,Tris,Ghidini,tghidini8x@youtu.be,Polygender,204.37.223.134
423,Robina,O'Hickey,rohickey8y@people.com.cn,Female,30.190.155.215
424,Kienan,Painswick,kpainswick8z@cbslocal.com,Male,7.240.220.247
425,Meade,Aylen,maylen90@google.ca,Female,204.223.54.55
426,Teador,Witty,twitty91@istockphoto.com,Male,227.236.66.19
427,Tudor,Matzaitis,tmatzaitis92@tinypic.com,Male,79.84.101.222
428,Fifine,Backs,fbacks93@twitpic.com,Female,143.91.237.10
429,Jorrie,Slaymaker,jslaymaker94@digg.com,Female,9.61.95.205
430,Kalinda,Ayer,kayer95@discovery.com,Female,161.212.219.217
431,Gibb,Avison,gavison96@rambler.ru,Male,193.124.75.233
432,York,Mapp,ymapp97@slate.com,Genderfluid,250.180.58.181
433,Leeann,Wilkennson,lwilkennson98@wordpress.com,Female,250.114.148.79
434,Storm,Beaument,sbeaument99@vk.com,Female,237.48.61.91
435,Aurore,Beiderbeck,abeiderbeck9a@spotify.com,Female,27.87.70.72
436,Mair,Randall,mrandall9b@phpbb.com,Female,174.231.40.225
437,Ody,Anstice,oanstice9c@typepad.com,Male,51.232.246.158
438,Harriett,Laye,hlaye9d@reverbnation.com,Female,147.193.178.253
439,Avie,Tallyn,atallyn9e@loc.gov,Female,26.234.121.217
440,Shannah,Cawley,scawley9f@opensource.org,Female,245.223.141.94
441,Rodd,Bygreaves,rbygreaves9g@g.co,Male,244.59.87.234
442,Dee,Catlin,dcatlin9h@mail.ru,Female,171.176.67.247
443,Georgianne,Buffey,gbuffey9i@skype.com,Non-binary,99.223.249.159
444,Nata,Westfalen,nwestfalen9j@cloudflare.com,Female,147.67.78.171
445,Monique,Thickens,mthickens9k@tamu.edu,Female,107.22.110.78
446,Spike,Tellenbrok,stellenbrok9l@blogger.com,Male,221.111.83.204
447,Marabel,Charrier,mcharrier9m@unesco.org,Bigender,25.217.65.203
448,Reube,Grigson,rgrigson9n@seesaa.net,Male,69.34.121.64
449,Quincey,Dorney,qdorney9o@desdev.cn,Male,146.225.187.32
450,Grantham,Harg,gharg9p@xrea.com,Male,254.180.13.158
451,Ody,Di Dello,odidello9q@w3.org,Male,34.143.48.188
452,Bartlet,Lawless,blawless9r@delicious.com,Male,147.52.132.226
453,Charissa,Deboick,cdeboick9s@dailymail.co.uk,Female,144.18.126.169
454,Katya,Litherland,klitherland9t@spiegel.de,Female,219.147.255.101
455,Minor,Mesnard,mmesnard9u@weibo.com,Agender,214.178.212.108
456,Tillie,Blake,tblake9v@economist.com,Female,168.60.59.39
457,Ola,Bondesen,obondesen9w@loc.gov,Female,26.74.66.148
458,Raddie,Iacomelli,riacomelli9x@vkontakte.ru,Male,199.230.117.132
459,Peri,O'Kerin,pokerin9y@sciencedirect.com,Female,248.67.86.33
460,Ollie,Whapples,owhapples9z@qq.com,Female,206.104.255.63
461,Nataniel,Fingleton,nfingletona0@hibu.com,Male,155.83.175.148
462,Ella,Lawty,elawtya1@discovery.com,Female,213.93.188.93
463,Brigit,Mengue,bmenguea2@ocn.ne.jp,Female,163.205.0.217
464,Maison,Deniset,mdeniseta3@illinois.edu,Male,186.171.61.141
465,Carolann,Bane,cbanea4@g.co,Female,60.235.195.85
466,Fletch,Grigorkin,fgrigorkina5@hugedomains.com,Agender,94.53.187.20
467,Tobye,Wilse,twilsea6@google.es,Female,126.235.44.224
468,Jsandye,Hedney,jhedneya7@topsy.com,Female,96.123.167.91
469,Gerta,Wraith,gwraitha8@bloglovin.com,Female,40.155.242.185
470,Gawen,Croome,gcroomea9@washington.edu,Male,83.17.81.253
471,Lurlene,Brownhill,lbrownhillaa@dailymail.co.uk,Female,17.124.163.92
472,Reid,Wormstone,rwormstoneab@free.fr,Bigender,150.197.241.175
473,Tedmund,Farrens,tfarrensac@dyndns.org,Male,255.190.219.138
474,Dalt,Iddens,diddensad@usgs.gov,Male,102.107.74.243
475,Carita,Chicchelli,cchicchelliae@example.com,Female,81.54.175.182
476,Nefen,Capelle,ncapelleaf@home.pl,Male,29.205.165.142
477,Rosina,Halladay,rhalladayag@tamu.edu,Female,115.171.211.178
478,Zoe,McCardle,zmccardleah@w3.org,Female,180.173.135.24
479,Halley,Halsworth,hhalsworthai@businessinsider.com,Female,92.19.127.253
480,Ozzie,Mogie,omogieaj@amazon.co.jp,Male,130.204.49.11
481,Taber,Baldini,tbaldiniak@tinyurl.com,Male,117.54.0.93
482,Frederico,Lohoar,flohoaral@cbslocal.com,Male,71.185.75.220
483,Chris,Cristofori,ccristoforiam@dropbox.com,Male,164.97.81.108
484,Hobard,Procter,hprocteran@harvard.edu,Male,106.114.220.241
485,Rusty,Storrock,rstorrockao@slate.com,Male,28.34.144.25
486,Reba,Simchenko,rsimchenkoap@upenn.edu,Female,142.197.84.86
487,Hieronymus,Allinson,hallinsonaq@cbsnews.com,Male,229.25.170.187
488,Melonie,Troth,mtrothar@hatena.ne.jp,Female,6.239.21.45
489,Lin,Kures,lkuresas@npr.org,Female,114.206.235.206
490,Leonardo,Whewill,lwhewillat@livejournal.com,Male,141.104.26.176
491,Benjamin,Tullot,btullotau@amazon.com,Male,238.30.211.128
492,Rabi,Caffin,rcaffinav@shinystat.com,Male,46.226.229.97
493,Dennison,Hoyles,dhoylesaw@icio.us,Male,215.101.36.215
494,Ilyse,Geggie,igeggieax@t-online.de,Female,205.249.233.175
495,Bendite,Hutt,bhuttay@symantec.com,Female,41.198.172.2
496,Mattie,Joerning,mjoerningaz@reuters.com,Genderqueer,118.227.110.39
497,Moll,Hazlegrove,mhazlegroveb0@webnode.com,Female,178.214.102.217
498,Raoul,McTrustrie,rmctrustrieb1@ovh.net,Male,189.108.174.112
499,Jerrilyn,Dommett,jdommettb2@myspace.com,Female,119.151.114.109
500,Maurice,Vassman,mvassmanb3@google.co.uk,Non-binary,189.34.142.204
501,Jaymie,Bubbins,jbubbinsb4@bravesites.com,Male,79.58.160.100
502,Abram,Farthin,afarthinb5@nba.com,Male,45.140.220.135
503,Glenden,Dungate,gdungateb6@aol.com,Male,108.6.245.10
504,Gran,Le Page,glepageb7@ustream.tv,Male,1.212.102.52
505,Roslyn,Duerden,rduerdenb8@wired.com,Female,145.138.182.62
506,Charissa,Figin,cfiginb9@independent.co.uk,Female,104.20.112.212
507,Liana,Kamall,lkamallba@businesswire.com,Female,213.45.249.59
508,Galven,Francie,gfranciebb@ning.com,Male,196.207.133.53
509,Ketty,Shellcross,kshellcrossbc@about.com,Female,92.109.135.59
510,Bearnard,Wrankling,bwranklingbd@apple.com,Male,14.249.168.145
511,Theadora,Jaycock,tjaycockbe@cafepress.com,Female,157.5.108.203
512,Tobit,Bannester,tbannesterbf@google.com,Male,150.121.169.86
513,Magdalen,Mailey,mmaileybg@mashable.com,Female,150.66.38.141
514,Ugo,Boddice,uboddicebh@youtube.com,Male,145.175.79.118
515,Val,Cosslett,vcosslettbi@yandex.ru,Bigender,194.244.211.39
516,Dana,Alyoshin,dalyoshinbj@rakuten.co.jp,Female,169.30.125.63
517,Karin,Rudyard,krudyardbk@moonfruit.com,Polygender,168.198.162.24
518,Trish,Peteri,tpeteribl@zdnet.com,Female,182.114.6.217
519,Allina,Covil,acovilbm@ox.ac.uk,Female,132.125.213.231
520,Simmonds,Lugg,sluggbn@4shared.com,Male,109.127.195.8
521,Simon,Bampton,sbamptonbo@foxnews.com,Male,143.61.14.181
522,Ema,Bentsen,ebentsenbp@comsenz.com,Female,79.214.29.17
523,Odell,Beteriss,obeterissbq@cnn.com,Male,220.111.135.223
524,Eloisa,Giraldo,egiraldobr@dagondesign.com,Female,236.151.48.227
525,Betti,Dellenbrook,bdellenbrookbs@about.me,Female,198.7.157.138
526,Montgomery,Golborn,mgolbornbt@lulu.com,Male,114.64.133.198
527,Tandi,Jay,tjaybu@nyu.edu,Female,131.125.178.231
528,Gratia,Reddick,greddickbv@youku.com,Female,182.86.28.130
529,Tommy,Quakley,tquakleybw@oakley.com,Male,135.181.99.248
530,Raddy,Dulling,rdullingbx@com.com,Male,170.65.18.41
531,Amie,Corser,acorserby@unc.edu,Female,38.112.74.194
532,Daisey,Massen,dmassenbz@businessweek.com,Female,180.55.184.196
533,Gianna,Hanshawe,ghanshawec0@amazon.co.jp,Female,252.28.176.70
534,Joshuah,Tyrone,jtyronec1@liveinternet.ru,Male,17.139.22.88
535,Wilhelm,Philippeaux,wphilippeauxc2@de.vu,Male,215.7.218.221
536,Octavia,Aizik,oaizikc3@chronoengine.com,Female,31.112.202.70
537,Christi,Masic,cmasicc4@fastcompany.com,Female,237.72.237.30
538,Letti,Kenan,lkenanc5@icq.com,Female,88.133.239.27
539,Gerrie,Gouthier,ggouthierc6@ustream.tv,Female,3.82.190.200
540,Andy,Winsiowiecki,awinsiowieckic7@deviantart.com,Male,111.227.12.16
541,Merola,Boshard,mboshardc8@squidoo.com,Female,89.124.240.50
542,Steffane,Rossbrook,srossbrookc9@about.me,Female,178.115.120.104
543,Maurizio,Matyushonok,mmatyushonokca@businessinsider.com,Male,157.73.230.139
544,Forster,Jozwicki,fjozwickicb@boston.com,Male,28.210.92.21
545,Felecia,Allmark,fallmarkcc@xing.com,Female,2.59.64.62
546,Cart,Fedder,cfeddercd@parallels.com,Male,15.111.99.4
547,Vallie,Stampe,vstampece@un.org,Female,87.12.37.231
548,Karry,Rosenberger,krosenbergercf@columbia.edu,Female,86.100.173.28
549,Sonny,Hanway,shanwaycg@mysql.com,Male,93.56.9.28
550,Rollie,Sarginson,rsarginsonch@scribd.com,Male,114.69.88.202
551,Warner,Cumber,wcumberci@opera.com,Male,63.219.102.33
552,Isak,Thirlaway,ithirlawaycj@nature.com,Male,221.58.204.103
553,Erick,Ector,eectorck@storify.com,Genderqueer,175.255.213.23
554,Saraann,Arnhold,sarnholdcl@infoseek.co.jp,Female,75.42.238.14
555,Grove,Mold,gmoldcm@nps.gov,Male,242.123.202.166
556,Ellswerth,Mann,emanncn@google.ru,Male,234.20.254.15
557,Caleb,Burdess,cburdessco@blinklist.com,Male,193.251.153.12
558,Chaunce,Lghan,clghancp@symantec.com,Male,163.34.157.100
559,Kelley,Vickery,kvickerycq@infoseek.co.jp,Female,83.32.132.162
560,Linnell,Starkey,lstarkeycr@archive.org,Female,25.178.149.177
561,Carrie,Latchford,clatchfordcs@vistaprint.com,Genderfluid,62.53.188.95
562,Kara-lynn,MacNeachtain,kmacneachtainct@stumbleupon.com,Female,166.230.154.68
563,Nesta,Snyder,nsnydercu@foxnews.com,Female,146.55.219.99
564,Kendra,Baldam,kbaldamcv@typepad.com,Female,169.135.242.104
565,Malena,Boath,mboathcw@booking.com,Female,13.72.120.59
566,Esteban,Stile,estilecx@youtu.be,Male,208.195.43.84
567,Paten,Reinhard,preinhardcy@disqus.com,Male,9.64.28.8
568,Chen,Casoni,ccasonicz@posterous.com,Male,96.54.12.162
569,Charline,Dowdell,cdowdelld0@4shared.com,Genderqueer,181.174.92.38
570,Kaleena,Fryer,kfryerd1@ihg.com,Agender,151.162.161.174
571,Gertie,Pottell,gpottelld2@netlog.com,Female,136.17.21.156
572,Ernest,Bachs,ebachsd3@thetimes.co.uk,Male,234.253.197.14
573,Jamesy,Golborn,jgolbornd4@cbsnews.com,Male,36.142.118.159
574,Erskine,Dable,edabled5@npr.org,Male,99.126.69.177
575,Abagail,Petrillo,apetrillod6@yolasite.com,Female,104.234.121.233
576,Walden,Karpychev,wkarpychevd7@berkeley.edu,Male,185.64.156.168
577,Germaine,Treadger,gtreadgerd8@nsw.gov.au,Female,194.89.7.96
578,Cully,Pepi,cpepid9@angelfire.com,Male,182.168.166.71
579,Alexis,Lilburn,alilburnda@printfriendly.com,Female,218.248.69.77
580,Christean,Demonge,cdemongedb@cbsnews.com,Female,182.53.65.166
581,Towney,Saby,tsabydc@xinhuanet.com,Male,103.156.2.101
582,Barnett,Jewis,bjewisdd@linkedin.com,Male,37.34.44.119
583,Nedi,Extall,nextallde@globo.com,Female,197.245.107.82
584,Almeria,Suttaby,asuttabydf@woothemes.com,Female,59.190.94.48
585,Augy,Fernant,afernantdg@moonfruit.com,Male,64.222.29.176
586,Lesya,Posen,lposendh@gov.uk,Female,196.51.183.235
587,Allsun,Harden,ahardendi@cbslocal.com,Female,232.180.52.50
588,Marvin,Weaver,mweaverdj@patch.com,Polygender,51.46.27.117
589,Zitella,Mogie,zmogiedk@e-recht24.de,Female,170.107.12.119
590,Jeramey,Stockton,jstocktondl@msu.edu,Male,163.233.132.120
591,Sawyer,Macvain,smacvaindm@latimes.com,Male,91.1.239.83
592,Retha,Rubinek,rrubinekdn@google.fr,Female,25.60.50.51
593,Torrin,Probbin,tprobbindo@omniture.com,Male,156.139.229.246
594,Vincent,Swindley,vswindleydp@unicef.org,Male,116.72.254.64
595,Nicol,Jaouen,njaouendq@usatoday.com,Female,219.188.130.136
596,Armin,Todari,atodaridr@friendfeed.com,Male,136.97.129.230
597,Leonhard,Sally,lsallyds@phoca.cz,Male,19.1.237.70
598,Niall,Beven,nbevendt@gmpg.org,Male,227.49.104.126
599,Irv,Coviello,icoviellodu@microsoft.com,Polygender,92.87.36.155
600,Cindie,Tamlett,ctamlettdv@earthlink.net,Female,202.222.48.39
601,Filia,Trower,ftrowerdw@simplemachines.org,Agender,199.50.66.90
602,Daisi,Jedrasik,djedrasikdx@unicef.org,Female,104.110.61.240
603,Reinhold,Croysdale,rcroysdaledy@yahoo.com,Male,218.80.1.92
604,Geri,Dabrowski,gdabrowskidz@bing.com,Female,24.18.74.84
605,Andrew,Rotherham,arotherhame0@ucoz.com,Polygender,189.57.109.84
606,Donnie,Antoniutti,dantoniuttie1@weebly.com,Female,25.173.162.179
607,Wittie,Tibbles,wtibblese2@illinois.edu,Male,27.23.143.63
608,Ransom,Mervyn,rmervyne3@reuters.com,Male,239.35.70.249
609,Cate,Lardge,clardgee4@yahoo.com,Female,79.29.47.152
610,Magnum,Pantling,mpantlinge5@xing.com,Male,177.91.195.48
611,Kelcy,Soans,ksoanse6@homestead.com,Agender,18.37.124.45
612,Faun,Lyard,flyarde7@nationalgeographic.com,Female,123.247.23.253
613,Mahalia,Medwell,mmedwelle8@bigcartel.com,Female,187.122.219.146
614,Elysha,Menendes,emenendese9@networkadvertising.org,Female,179.145.229.39
615,Teddie,Joseland,tjoselandea@biblegateway.com,Male,105.36.228.35
616,Hermia,Hourihane,hhourihaneeb@who.int,Female,192.221.234.198
617,Myron,Henstridge,mhenstridgeec@tripod.com,Male,72.117.175.136
618,Teodoor,Claesens,tclaesensed@sciencedirect.com,Male,195.37.85.229
619,Nick,Betts,nbettsee@apple.com,Male,218.114.158.65
620,Federica,Orchart,forchartef@blog.com,Female,223.243.187.176
621,Tiff,Gyurko,tgyurkoeg@timesonline.co.uk,Female,182.215.120.220
622,Kimble,Astill,kastilleh@de.vu,Male,164.170.90.242
623,Oates,Rodenhurst,orodenhurstei@epa.gov,Male,99.156.23.116
624,Nap,Skewes,nskewesej@mozilla.com,Male,252.1.194.29
625,Cob,Pepperd,cpepperdek@slate.com,Male,102.198.182.229
626,Brynne,Lapwood,blapwoodel@apache.org,Female,100.133.9.69
627,Charity,Dare,cdareem@omniture.com,Female,149.18.180.97
628,Danny,Jozsa,djozsaen@nyu.edu,Polygender,219.85.93.48
629,Sonnie,Grundle,sgrundleeo@youtube.com,Male,198.118.147.128
630,Letizia,Vedyashkin,lvedyashkinep@msu.edu,Female,187.107.128.59
631,Jenelle,McReynold,jmcreynoldeq@telegraph.co.uk,Female,198.85.96.76
632,Amye,Allchorne,aallchorneer@scribd.com,Female,185.140.79.17
633,Alison,Chasemoore,achasemoorees@dailymotion.com,Female,76.219.128.147
634,Cris,McGonigle,cmcgonigleet@live.com,Male,136.211.172.185
635,Whitby,McIlharga,wmcilhargaeu@twitpic.com,Male,172.112.177.129
636,Sim,Gibbonson,sgibbonsonev@cnet.com,Male,230.218.78.209
637,Harmonie,Anstice,hansticeew@ehow.com,Female,167.213.167.183
638,Alphonse,Einchcombe,aeinchcombeex@hud.gov,Male,65.81.216.177
639,Starlin,Crosham,scroshamey@clickbank.net,Female,137.60.113.173
640,Holli,Nudde,hnuddeez@cnn.com,Female,211.5.60.193
641,Nicolis,Rush,nrushf0@guardian.co.uk,Male,98.3.241.134
642,Horatius,Johnikin,hjohnikinf1@amazon.com,Male,125.7.238.95
643,Mallissa,Terbruggen,mterbruggenf2@facebook.com,Female,64.92.82.166
644,Glen,Tait,gtaitf3@google.ru,Male,134.139.20.115
645,Theda,Isley,tisleyf4@vkontakte.ru,Agender,95.139.235.158
646,Maurits,Dilston,mdilstonf5@mac.com,Male,129.50.135.32
647,Chilton,Yakobowitz,cyakobowitzf6@microsoft.com,Male,84.244.17.91
648,Lynna,Kearle,lkearlef7@nhs.uk,Female,37.69.184.83
649,Linnea,Kilborn,lkilbornf8@latimes.com,Female,205.42.234.105
650,Loydie,Winsley,lwinsleyf9@joomla.org,Male,127.59.3.201
651,Amata,Henze,ahenzefa@theglobeandmail.com,Female,58.60.202.239
652,Correna,Dolohunty,cdolohuntyfb@1und1.de,Female,24.233.15.231
653,Kipper,Dabel,kdabelfc@ebay.co.uk,Male,201.137.220.78
654,Hillary,Veschi,hveschifd@angelfire.com,Genderfluid,253.218.173.255
655,Marcia,Dawson,mdawsonfe@tinyurl.com,Female,40.200.107.128
656,Jacquenette,Pimblett,jpimblettff@hubpages.com,Female,170.128.25.108
657,Rodger,Berth,rberthfg@themeforest.net,Male,202.94.138.50
658,Lanna,Bruntje,lbruntjefh@mozilla.com,Female,161.128.101.199
659,Anni,Yourell,ayourellfi@businessinsider.com,Female,186.132.105.172
660,Ambrosius,Franzetti,afranzettifj@seesaa.net,Male,226.26.156.248
661,Sydney,Brewins,sbrewinsfk@buzzfeed.com,Female,209.253.80.115
662,Kacy,Cottam,kcottamfl@telegraph.co.uk,Female,5.83.130.98
663,Valle,Dallinder,vdallinderfm@instagram.com,Male,65.225.247.168
664,Archibald,Mancktelow,amancktelowfn@about.me,Male,127.49.165.1
665,Dunn,Ridewood,dridewoodfo@walmart.com,Male,217.209.107.10
666,Heddie,Bertin,hbertinfp@deviantart.com,Female,29.233.232.24
667,Hunfredo,Balsdone,hbalsdonefq@digg.com,Male,143.42.148.38
668,Inga,Bernardet,ibernardetfr@t.co,Female,232.47.86.231
669,Kristo,Leyzell,kleyzellfs@google.co.jp,Male,80.57.93.107
670,Dolorita,Slateford,dslatefordft@delicious.com,Female,62.165.25.122
671,Jethro,Drugan,jdruganfu@wiley.com,Male,185.46.63.82
672,Graehme,Chaucer,gchaucerfv@sourceforge.net,Male,71.209.6.135
673,Babs,Abelwhite,babelwhitefw@hugedomains.com,Female,156.245.77.47
674,Brew,Ost,bostfx@quantcast.com,Genderqueer,47.205.242.89
675,Palmer,Ruffy,pruffyfy@washington.edu,Male,133.176.21.192
676,Clayborne,Krishtopaittis,ckrishtopaittisfz@usa.gov,Male,40.134.211.147
677,Carmine,Crinidge,ccrinidgeg0@geocities.jp,Female,9.242.135.148
678,Michelina,Crother,mcrotherg1@cam.ac.uk,Female,204.207.121.225
679,Dulce,Jeste,djesteg2@statcounter.com,Female,228.232.29.236
680,Adriana,Zylberdik,azylberdikg3@webmd.com,Female,1.140.76.0
681,Nicki,Chambers,nchambersg4@wikipedia.org,Female,17.78.45.223
682,Curcio,Gerg,cgergg5@apache.org,Male,216.174.44.14
683,Roman,Malby,rmalbyg6@scientificamerican.com,Male,13.201.7.186
684,Leonard,Benditt,lbendittg7@sohu.com,Non-binary,180.219.110.179
685,Deerdre,Broxap,dbroxapg8@businessinsider.com,Female,111.110.120.87
686,Vilma,Ferrer,vferrerg9@qq.com,Female,91.99.197.117
687,Erek,O'Connell,eoconnellga@spiegel.de,Male,218.153.220.64
688,Renae,Secrett,rsecrettgb@miitbeian.gov.cn,Female,117.249.111.143
689,Bentley,Filipiak,bfilipiakgc@earthlink.net,Male,250.64.190.145
690,Lorinda,Costa,lcostagd@flavors.me,Female,73.100.131.146
691,Sander,Style,sstylege@cpanel.net,Male,128.221.153.155
692,Sergent,Hache,shachegf@gmpg.org,Male,91.2.114.105
693,Shanda,Roddy,sroddygg@mail.ru,Female,20.183.140.106
694,Butch,De Domenicis,bdedomenicisgh@constantcontact.com,Male,182.49.145.9
695,Cassandry,Geggie,cgeggiegi@networksolutions.com,Female,206.153.160.1
696,Pedro,Roskell,proskellgj@wufoo.com,Male,163.226.205.88
697,Willabella,Norgan,wnorgangk@telegraph.co.uk,Female,16.4.156.136
698,Lezlie,Lynas,llynasgl@nydailynews.com,Female,144.6.252.138
699,Burke,Nurdin,bnurdingm@ed.gov,Male,129.149.51.253
700,Chickie,Millam,cmillamgn@indiatimes.com,Female,226.179.174.151
701,Cliff,Petyakov,cpetyakovgo@gnu.org,Male,114.124.153.121
702,Goddart,Vinck,gvinckgp@i2i.jp,Genderfluid,130.248.251.237
703,Karlee,Rameau,krameaugq@wikia.com,Female,79.113.137.79
704,Bax,Corington,bcoringtongr@usda.gov,Male,147.213.76.228
705,Harlin,Gue,hguegs@plala.or.jp,Male,146.101.95.191
706,Giffie,De Roeck,gderoeckgt@reddit.com,Male,9.182.115.132
707,Heloise,Syvret,hsyvretgu@google.fr,Female,227.68.80.98
708,Jenn,Robottom,jrobottomgv@wisc.edu,Female,126.195.197.193
709,Orlando,Boughtwood,oboughtwoodgw@addtoany.com,Male,113.219.163.230
710,Morgun,Keymer,mkeymergx@hud.gov,Male,153.85.204.234
711,Lester,Thorlby,lthorlbygy@ocn.ne.jp,Male,184.31.198.112
712,Don,Wrathall,dwrathallgz@topsy.com,Male,112.148.67.77
713,Goraud,Haucke,ghauckeh0@pagesperso-orange.fr,Male,185.195.186.72
714,Gilles,Adshede,gadshedeh1@mozilla.com,Male,161.189.141.118
715,Reinhard,Kleinhausen,rkleinhausenh2@usnews.com,Genderqueer,173.129.180.30
716,Binny,Yakovitch,byakovitchh3@usa.gov,Female,238.182.50.62
717,Gussy,Rennock,grennockh4@bloomberg.com,Female,237.174.242.37
718,Bailie,Handaside,bhandasideh5@boston.com,Bigender,199.248.69.225
719,Frayda,Waldren,fwaldrenh6@feedburner.com,Female,138.77.56.207
720,Leonard,Polkinghorne,lpolkinghorneh7@bizjournals.com,Male,7.209.104.181
721,Wain,Stoacley,wstoacleyh8@cocolog-nifty.com,Male,212.243.134.143
722,Myriam,Queenborough,mqueenboroughh9@simplemachines.org,Bigender,12.182.156.210
723,Kelby,Housaman,khousamanha@intel.com,Male,25.82.255.244
724,Aland,Castellucci,acastelluccihb@marketwatch.com,Male,104.98.147.75
725,Josh,Binley,jbinleyhc@techcrunch.com,Male,0.27.104.215
726,Duke,Noden,dnodenhd@imageshack.us,Male,114.241.112.72
727,Benedicta,Shenfisch,bshenfischhe@census.gov,Bigender,217.143.219.182
728,Augustine,Rickman,arickmanhf@last.fm,Bigender,147.7.90.139
729,Lynn,Shegog,lshegoghg@amazon.co.jp,Female,241.38.90.87
730,Matthaeus,Silburn,msilburnhh@uol.com.br,Male,73.158.33.102
731,Leola,Petric,lpetrichi@prweb.com,Female,98.135.245.240
732,Rudyard,Leupold,rleupoldhj@taobao.com,Male,35.130.169.250
733,Jonis,Nuemann,jnuemannhk@irs.gov,Female,115.72.73.66
734,Haley,Yanyushkin,hyanyushkinhl@cbslocal.com,Non-binary,64.82.211.225
735,Artur,Shadrach,ashadrachhm@wordpress.com,Male,70.68.21.164
736,Sherill,Vowells,svowellshn@livejournal.com,Female,200.161.32.54
737,Andy,Sancto,asanctoho@drupal.org,Female,0.234.120.101
738,Pavlov,Jesson,pjessonhp@myspace.com,Male,90.116.62.11
739,Vanya,Nesbeth,vnesbethhq@ebay.com,Male,31.28.251.49
740,Annis,Francescozzi,afrancescozzihr@biblegateway.com,Female,18.149.20.21
741,Edie,MacCulloch,emaccullochhs@youtu.be,Female,120.234.10.122
742,Brendin,Pahler,bpahlerht@sphinn.com,Male,252.63.57.197
743,Leupold,Hallowes,lhalloweshu@histats.com,Male,235.190.104.124
744,Ashlee,Munford,amunfordhv@ovh.net,Female,48.19.227.228
745,Brandtr,Covolini,bcovolinihw@goo.gl,Male,160.66.240.69
746,Griz,Swaisland,gswaislandhx@tmall.com,Male,159.240.71.150
747,Arther,Guinery,aguineryhy@youtu.be,Male,149.242.63.185
748,Valera,Hunnable,vhunnablehz@home.pl,Female,212.193.68.57
749,Elliott,Tureville,eturevillei0@ucoz.com,Genderfluid,241.107.230.113
750,Sawyere,Steptow,ssteptowi1@github.com,Male,36.60.25.206
751,Micheil,Cardoso,mcardosoi2@list-manage.com,Male,218.2.60.115
752,Kelcy,Casterou,kcasteroui3@ft.com,Female,3.36.17.21
753,Gunner,Moggle,gmogglei4@ucoz.com,Male,137.218.244.145
754,Deanna,Mustchin,dmustchini5@hostgator.com,Female,206.124.20.79
755,Cirstoforo,Leeds,cleedsi6@nasa.gov,Non-binary,117.197.181.42
756,Jerrold,Friberg,jfribergi7@histats.com,Male,62.237.96.38
757,Wilt,Aubert,wauberti8@reverbnation.com,Male,61.162.186.5
758,Joey,Cussons,jcussonsi9@dedecms.com,Male,181.31.121.96
759,Felice,Doudny,fdoudnyia@google.es,Genderfluid,32.164.35.241
760,Demetri,Smetoun,dsmetounib@ed.gov,Male,215.161.207.212
761,Carroll,Edgerly,cedgerlyic@oracle.com,Male,154.85.1.201
762,Eden,Corradino,ecorradinoid@arstechnica.com,Female,90.81.237.1
763,Arny,Jevon,ajevonie@clickbank.net,Male,172.146.72.112
764,Roberta,Girvin,rgirvinif@cornell.edu,Female,32.206.244.143
765,Stanwood,Andreone,sandreoneig@hexun.com,Male,80.98.125.147
766,Heindrick,Lidell,hlidellih@cnn.com,Male,125.122.108.244
767,Desdemona,Slader,dsladerii@homestead.com,Female,180.224.98.35
768,Kally,Glowacz,kglowaczij@yahoo.co.jp,Female,65.246.69.168
769,Felicio,Browncey,fbrownceyik@boston.com,Male,99.197.11.35
770,Stephana,Jarmyn,sjarmynil@mayoclinic.com,Bigender,100.69.144.44
771,Cyndia,Stearne,cstearneim@slideshare.net,Female,75.64.182.153
772,Brnaba,Donald,bdonaldin@accuweather.com,Male,211.62.73.150
773,Mavra,Ricioppo,mricioppoio@sohu.com,Female,196.195.219.204
774,Thorpe,Davidoff,tdavidoffip@etsy.com,Male,101.229.191.49
775,Alleyn,Segge,aseggeiq@imageshack.us,Male,206.36.223.141
776,Kelly,D'Enrico,kdenricoir@jiathis.com,Male,205.78.152.121
777,Pierrette,Orrice,porriceis@sun.com,Female,210.177.193.112
778,Fritz,Crasswell,fcrasswellit@de.vu,Male,23.51.88.83
779,Papageno,Giannazzi,pgiannazziiu@spiegel.de,Male,19.14.114.204
780,Andrei,MacKowle,amackowleiv@google.it,Female,64.65.242.52
781,Jacquie,Mehmet,jmehmetiw@about.com,Female,42.140.185.26
782,Guthry,Castillo,gcastilloix@mtv.com,Male,90.255.132.86
783,Serena,Bridat,sbridatiy@squidoo.com,Female,163.163.68.153
784,Gerrard,De Nisco,gdeniscoiz@dmoz.org,Male,110.220.241.122
785,Milo,Bolsteridge,mbolsteridgej0@nba.com,Male,227.29.71.179
786,Maggie,De Domenicis,mdedomenicisj1@discovery.com,Female,10.63.211.10
787,Claire,Dayment,cdaymentj2@businesswire.com,Male,174.255.119.201
788,Elianore,MacDowal,emacdowalj3@diigo.com,Female,52.255.205.59
789,Tiebold,Sysland,tsyslandj4@weebly.com,Male,28.99.242.180
790,Janot,Mounsey,jmounseyj5@smugmug.com,Female,14.135.65.146
791,Sanford,Rewan,srewanj6@biblegateway.com,Male,186.14.120.126
792,Kurtis,Digan,kdiganj7@cargocollective.com,Male,4.145.196.13
793,Elianora,Broom,ebroomj8@irs.gov,Female,252.79.110.37
794,Odell,Petricek,opetricekj9@ifeng.com,Male,104.106.96.135
795,Merle,Papaccio,mpapaccioja@earthlink.net,Male,140.222.28.190
796,Byrom,Jessep,bjessepjb@eventbrite.com,Male,189.205.233.99
797,Seline,Ricker,srickerjc@disqus.com,Female,77.93.194.87
798,Toddy,Boissier,tboissierjd@tripod.com,Male,165.3.85.251
799,Gayla,Wilcock,gwilcockje@hatena.ne.jp,Female,116.199.159.199
800,Karleen,Bradnum,kbradnumjf@studiopress.com,Female,95.246.60.236
801,Dougy,Arnett,darnettjg@answers.com,Male,212.116.44.126
802,Rosalind,Sporgeon,rsporgeonjh@kickstarter.com,Female,83.31.21.190
803,Ulises,Daniau,udaniauji@com.com,Male,246.145.197.224
804,Junie,Sjostrom,jsjostromjj@nhs.uk,Female,54.180.72.183
805,Belita,Bilham,bbilhamjk@chronoengine.com,Female,62.206.69.167
806,Ruperta,Cammidge,rcammidgejl@hibu.com,Agender,67.100.204.68
807,Moreen,Rijkeseis,mrijkeseisjm@surveymonkey.com,Female,161.176.28.146
808,Erminia,Sey,eseyjn@usatoday.com,Female,248.115.140.5
809,Jessie,Greenway,jgreenwayjo@huffingtonpost.com,Male,237.46.173.205
810,Orson,Lacey,olaceyjp@nymag.com,Male,126.74.121.201
811,Byram,Ley,bleyjq@virginia.edu,Male,3.2.178.150
812,Chrisse,Verick,cverickjr@webs.com,Male,131.160.94.254
813,Kettie,Northley,knorthleyjs@google.es,Female,54.23.19.137
814,Algernon,Leathwood,aleathwoodjt@histats.com,Male,23.85.119.83
815,Emily,Lehrle,elehrleju@ibm.com,Female,189.13.228.111
816,Alaric,Simson,asimsonjv@paypal.com,Male,167.241.187.253
817,Dwayne,Heselwood,dheselwoodjw@istockphoto.com,Male,9.202.219.135
818,Loralie,Lulham,llulhamjx@nationalgeographic.com,Female,114.224.6.176
819,Crin,Matzel,cmatzeljy@github.com,Female,237.112.41.192
820,Gil,Scudders,gscuddersjz@ning.com,Male,161.229.153.211
821,Leila,Bentham,lbenthamk0@buzzfeed.com,Female,174.48.10.173
822,Joelle,Tomeo,jtomeok1@tripadvisor.com,Female,252.202.67.196
823,Conrade,Summerskill,csummerskillk2@statcounter.com,Male,227.204.251.166
824,Yalonda,Kingcote,ykingcotek3@shareasale.com,Female,215.223.249.63
825,Lila,Bruinsma,lbruinsmak4@youku.com,Female,55.191.153.115
826,Thorny,Smiz,tsmizk5@elpais.com,Male,11.80.204.77
827,Leodora,Oldred,loldredk6@redcross.org,Female,254.98.96.197
828,Jaime,Bernardelli,jbernardellik7@oaic.gov.au,Male,254.162.67.102
829,Leupold,Birkett,lbirkettk8@symantec.com,Male,175.178.4.133
830,Rudolfo,Bonnier,rbonnierk9@imgur.com,Agender,126.104.6.218
831,Jeni,Maulin,jmaulinka@cocolog-nifty.com,Female,149.37.192.64
832,Marabel,Minnock,mminnockkb@addtoany.com,Polygender,60.103.73.51
833,Dynah,Scholler,dschollerkc@imgur.com,Female,87.253.250.85
834,Alonzo,O'Cuddie,aocuddiekd@rambler.ru,Male,30.0.209.218
835,Dell,Kwietek,dkwietekke@joomla.org,Female,105.69.141.108
836,Dirk,Bedinham,dbedinhamkf@shop-pro.jp,Male,22.202.227.186
837,Jerrie,Samwayes,jsamwayeskg@census.gov,Male,21.219.83.158
838,Gustavo,Mollison,gmollisonkh@latimes.com,Genderfluid,180.159.109.173
839,Bogart,Ready,breadyki@pbs.org,Male,125.212.187.1
840,Cynthea,Jee,cjeekj@omniture.com,Female,27.146.1.27
841,Lynna,Surcomb,lsurcombkk@prlog.org,Female,136.132.100.24
842,Vivia,Errichi,verrichikl@vimeo.com,Female,246.163.230.245
843,Lindsy,Melding,lmeldingkm@fema.gov,Female,22.136.177.197
844,Fredia,Liffe,fliffekn@vk.com,Female,189.228.251.232
845,Bambi,Renney,brenneyko@mashable.com,Female,99.29.147.47
846,Gratia,Weatherley,gweatherleykp@si.edu,Female,44.75.134.14
847,Dolph,Rappoport,drappoportkq@ovh.net,Male,147.7.42.93
848,Kirbee,Leyson,kleysonkr@smh.com.au,Female,21.78.234.112
849,Isobel,Cratere,icratereks@wikia.com,Female,30.0.1.245
850,Barris,MacMickan,bmacmickankt@usatoday.com,Male,109.99.63.115
851,Kelcie,Pinckney,kpinckneyku@goo.gl,Female,129.91.103.162
852,Dolly,Biever,dbieverkv@disqus.com,Female,182.36.18.6
853,Louisette,Lidington,llidingtonkw@vinaora.com,Female,143.129.201.90
854,Matt,Stripp,mstrippkx@smh.com.au,Male,114.174.192.227
855,Dannie,Fransemai,dfransemaiky@vk.com,Male,91.120.215.78
856,Consuela,Flucks,cfluckskz@phpbb.com,Female,100.158.99.124
857,Brana,Shearstone,bshearstonel0@pagesperso-orange.fr,Polygender,215.13.3.20
858,Joelynn,Mcimmie,jmcimmiel1@soundcloud.com,Female,247.33.120.213
859,Nicola,Rout,nroutl2@ihg.com,Male,93.68.135.220
860,Kristian,Dyneley,kdyneleyl3@umich.edu,Male,82.17.244.118
861,Zak,Dorrance,zdorrancel4@umn.edu,Male,36.201.149.129
862,Ike,Carley,icarleyl5@forbes.com,Male,26.77.238.250
863,Charil,Brouwer,cbrouwerl6@go.com,Female,15.60.50.215
864,Evonne,Coleford,ecolefordl7@quantcast.com,Female,225.145.82.65
865,Aretha,MacNockater,amacnockaterl8@army.mil,Female,247.37.242.46
866,Eula,Sickling,esicklingl9@google.pl,Female,173.91.54.2
867,Franzen,Sympson,fsympsonla@fema.gov,Male,186.201.117.9
868,Richart,Adamthwaite,radamthwaitelb@mac.com,Male,215.113.155.184
869,Pauly,Deacon,pdeaconlc@mashable.com,Male,187.15.172.3
870,Laurel,Murrum,lmurrumld@rakuten.co.jp,Female,82.121.208.226
871,Noam,Toft,ntoftle@geocities.jp,Male,255.93.29.49
872,Demetrius,Holyard,dholyardlf@cornell.edu,Male,107.85.203.136
873,Cecil,Hyatt,chyattlg@shinystat.com,Male,16.139.209.36
874,Tedda,Imlaw,timlawlh@ebay.com,Female,73.142.72.20
875,Berkley,Lawrenson,blawrensonli@omniture.com,Male,132.232.117.205
876,Danita,Davidovitz,ddavidovitzlj@opensource.org,Female,95.26.15.148
877,Tabina,Corriea,tcorriealk@joomla.org,Female,189.227.141.68
878,Robinette,Melanaphy,rmelanaphyll@chicagotribune.com,Genderqueer,11.55.37.212
879,Kincaid,De Angelo,kdeangelolm@webnode.com,Male,130.25.38.231
880,Cyndy,Birden,cbirdenln@chronoengine.com,Female,133.109.182.30
881,Tudor,Farnall,tfarnalllo@yale.edu,Male,188.122.181.57
882,Kalinda,Matyugin,kmatyuginlp@google.it,Female,140.162.232.149
883,Victoir,Garthside,vgarthsidelq@bluehost.com,Genderqueer,126.92.9.137
884,Rosanne,Freak,rfreaklr@alexa.com,Female,203.106.73.105
885,Sissie,Alekhov,salekhovls@discuz.net,Female,12.252.219.97
886,Sterling,Fereday,sferedaylt@wordpress.com,Male,64.120.154.121
887,Obadias,Blunt,obluntlu@earthlink.net,Male,164.5.147.42
888,Brinna,Jennions,bjennionslv@sciencedaily.com,Female,100.48.112.198
889,Rici,Parris,rparrislw@kickstarter.com,Female,252.135.0.115
890,Jard,Casaro,jcasarolx@mayoclinic.com,Male,13.162.220.83
891,Delinda,Ganforth,dganforthly@va.gov,Female,146.81.26.200
892,Rozelle,Flintiff,rflintifflz@salon.com,Non-binary,43.89.47.102
893,Thorpe,Merrill,tmerrillm0@edublogs.org,Male,132.175.167.71
894,Saunders,Pohl,spohlm1@springer.com,Male,15.247.4.13
895,Merill,Stoyles,mstoylesm2@fastcompany.com,Male,232.155.113.196
896,Catrina,Lofting,cloftingm3@senate.gov,Female,126.154.155.245
897,Manny,Styles,mstylesm4@who.int,Male,194.25.78.195
898,Micheal,Beardsley,mbeardsleym5@nps.gov,Male,65.60.12.233
899,Sonya,Folomin,sfolominm6@goo.ne.jp,Female,110.162.15.187
900,Markus,McIndrew,mmcindrewm7@webnode.com,Male,123.11.250.192
901,Bunni,Papierz,bpapierzm8@people.com.cn,Polygender,204.192.91.79
902,Teena,Albury,talburym9@ucoz.ru,Female,70.30.28.96
903,Darcy,Hindenburg,dhindenburgma@addtoany.com,Male,221.175.161.219
904,Xever,Wildsmith,xwildsmithmb@technorati.com,Male,64.165.2.55
905,Dud,Oliver-Paull,doliverpaullmc@icio.us,Male,238.77.172.117
906,Yance,Marrett,ymarrettmd@berkeley.edu,Male,207.231.138.162
907,Mureil,Ardern,mardernme@google.co.jp,Female,40.237.159.171
908,Federica,Masterman,fmastermanmf@freewebs.com,Female,44.176.53.76
909,Gwenora,Petrillo,gpetrillomg@histats.com,Female,112.240.148.4
910,Dorothea,Blaske,dblaskemh@myspace.com,Female,254.59.85.101
911,Jolene,Ketteman,jkettemanmi@utexas.edu,Female,169.227.130.82
912,Keven,Sarch,ksarchmj@state.gov,Male,224.84.94.122
913,Thayne,Traynor,ttraynormk@google.co.jp,Male,159.54.1.67
914,Huntington,Balog,hbalogml@hostgator.com,Male,191.200.18.147
915,Ely,Garron,egarronmm@themeforest.net,Male,55.253.113.53
916,Row,Skirving,rskirvingmn@gmpg.org,Female,139.163.236.231
917,Bren,Baldung,bbaldungmo@themeforest.net,Female,141.32.126.24
918,Willdon,Fandrey,wfandreymp@paginegialle.it,Male,221.78.233.200
919,Nariko,Pethrick,npethrickmq@t.co,Female,2.29.29.175
920,Redford,Dresse,rdressemr@adobe.com,Male,69.54.226.159
921,Cathy,Bartzen,cbartzenms@a8.net,Female,233.143.20.135
922,Teddie,Penvarne,tpenvarnemt@theglobeandmail.com,Male,79.31.130.36
923,Kata,Buterton,kbutertonmu@blinklist.com,Female,136.160.30.137
924,Cory,Servante,cservantemv@nature.com,Male,206.221.100.219
925,Mureil,Rouse,mrousemw@bbb.org,Female,183.50.229.202
926,Grier,McVeagh,gmcveaghmx@yelp.com,Female,66.170.158.11
927,Theo,Sancraft,tsancraftmy@liveinternet.ru,Male,39.140.53.116
928,Luke,Tace,ltacemz@google.es,Male,4.223.28.248
929,Roanna,Scone,rsconen0@state.tx.us,Female,87.176.203.7
930,Gerek,Sandbrook,gsandbrookn1@quantcast.com,Male,241.123.61.74
931,Obediah,Brettle,obrettlen2@earthlink.net,Male,184.180.25.151
932,Margaretta,Benedidick,mbenedidickn3@photobucket.com,Female,188.125.33.252
933,Stevana,Poundesford,spoundesfordn4@about.me,Female,5.249.55.202
934,Raviv,Hallede,rhalleden5@nbcnews.com,Male,251.248.91.185
935,Terencio,Varker,tvarkern6@sun.com,Agender,5.157.159.146
936,Bond,Burnes,bburnesn7@barnesandnoble.com,Male,226.222.108.214
937,Ermentrude,Mumby,emumbyn8@prweb.com,Female,197.254.64.31
938,Philipa,Presman,ppresmann9@parallels.com,Female,204.220.150.245
939,Lilli,Maw,lmawna@so-net.ne.jp,Female,249.94.137.219
940,Waverly,Farlham,wfarlhamnb@ucla.edu,Male,144.28.21.76
941,Benny,Maslen,bmaslennc@moonfruit.com,Genderfluid,123.104.64.43
942,Hetty,Hasley,hhasleynd@washington.edu,Female,124.37.220.187
943,Lesley,Tombling,ltomblingne@google.es,Male,134.173.162.37
944,Marsiella,Baytrop,mbaytropnf@purevolume.com,Female,52.33.154.253
945,Merell,Kempster,mkempsterng@globo.com,Male,39.130.3.164
946,Claresta,Obington,cobingtonnh@who.int,Female,3.109.114.38
947,Cathee,Peasegod,cpeasegodni@artisteer.com,Female,53.168.244.220
948,Sanford,Palle,spallenj@techcrunch.com,Male,230.113.157.15
949,Brig,MacCawley,bmaccawleynk@icq.com,Male,196.56.190.238
950,Boot,Cuniffe,bcuniffenl@time.com,Male,34.185.62.71
951,Alanson,Groneway,agronewaynm@wired.com,Male,249.160.243.95
952,Gabbie,Arend,garendnn@epa.gov,Male,62.159.67.152
953,Brewer,Van der Beek,bvanderbeekno@gov.uk,Male,19.77.114.204
954,Hermie,Pesticcio,hpesticcionp@cmu.edu,Male,71.124.187.166
955,Rickard,Skerme,rskermenq@sbwire.com,Male,59.219.180.153
956,Revkah,Kempster,rkempsternr@cloudflare.com,Female,163.188.75.31
957,Kliment,O'Reagan,koreaganns@accuweather.com,Male,186.37.137.175
958,Courtnay,Fine,cfinent@npr.org,Female,193.49.105.4
959,Cletus,Maund,cmaundnu@nhs.uk,Male,89.78.140.109
960,Immanuel,Eastcourt,ieastcourtnv@wikia.com,Male,0.227.46.36
961,Noella,Maberley,nmaberleynw@hatena.ne.jp,Female,204.22.60.190
962,Any,Faill,afaillnx@census.gov,Genderqueer,174.82.239.163
963,Jodie,Pollitt,jpollittny@jigsy.com,Female,218.107.91.208
964,Karlan,Blagburn,kblagburnnz@examiner.com,Male,212.76.36.177
965,Loralyn,Fullerton,lfullertono0@opera.com,Female,147.165.195.183
966,Pietra,MacAnelley,pmacanelleyo1@yellowpages.com,Non-binary,106.218.62.252
967,Katya,O' Scallan,koscallano2@free.fr,Female,157.194.59.83
968,Hailey,Planque,hplanqueo3@fda.gov,Genderfluid,96.27.31.96
969,Clayton,Simioli,csimiolio4@com.com,Male,178.108.15.216
970,Nicol,Devoy,ndevoyo5@intel.com,Male,92.9.105.146
971,Renie,Francois,rfrancoiso6@wiley.com,Female,161.107.30.41
972,Frederick,Skynner,fskynnero7@auda.org.au,Male,184.250.238.61
973,Salvador,Innocent,sinnocento8@themeforest.net,Male,14.9.129.140
974,Keir,Fratson,kfratsono9@simplemachines.org,Male,163.81.109.42
975,Phylys,Rawles,prawlesoa@cmu.edu,Female,52.198.63.74
976,Delly,Hanscom,dhanscomob@slideshare.net,Female,55.75.250.71
977,Paquito,Lambotin,plambotinoc@google.es,Male,249.25.148.196
978,Brana,Sanper,bsanperod@tinypic.com,Female,234.135.3.105
979,Wilmer,Fishley,wfishleyoe@chronoengine.com,Male,155.239.32.181
980,Bail,Pettiford,bpettifordof@sbwire.com,Male,44.119.141.251
981,Gerard,Robilart,grobilartog@ezinearticles.com,Male,147.1.251.239
982,Al,Orpen,aorpenoh@t.co,Male,37.132.50.197
983,Paloma,Dolling,pdollingoi@cyberchimps.com,Female,114.95.6.222
984,Kipper,Caret,kcaretoj@odnoklassniki.ru,Male,180.190.189.219
985,Zorina,Janssen,zjanssenok@linkedin.com,Female,233.107.115.211
986,Alexandros,Woodard,awoodardol@theguardian.com,Male,200.80.255.92
987,Claudie,Larder,clarderom@biglobe.ne.jp,Female,119.15.80.171
988,Olivia,Gales,ogaleson@mozilla.org,Female,13.222.125.195
989,Coraline,Hartly,chartlyoo@yellowbook.com,Female,192.62.246.243
990,Jyoti,Brownhill,jbrownhillop@hc360.com,Polygender,41.197.110.201
991,Silvano,Skells,sskellsoq@free.fr,Male,85.132.140.171
992,Evvy,Hartwell,ehartwellor@ca.gov,Female,57.117.191.160
993,Yorgos,Dicey,ydiceyos@facebook.com,Male,126.153.4.168
994,Laurie,Raoult,lraoultot@topsy.com,Female,115.215.86.222
995,Ambrosius,Housego,ahousegoou@blogger.com,Male,189.45.170.4
996,Bernadina,Espinoza,bespinozaov@arizona.edu,Female,127.97.102.200
997,Germayne,Closs,gclossow@reference.com,Male,57.178.140.155
998,Elayne,Duckering,educkeringox@cnbc.com,Female,113.81.223.26
999,Patric,Jado,pjadooy@dot.gov,Male,85.120.230.111
1000,Concordia,Primak,cprimakoz@reuters.com,Female,97.51.14.100
1001,Artus,Camamill,acamamillp0@tripadvisor.com,Male,70.31.156.60
1002,Gwenneth,Smerdon,gsmerdonp1@weather.com,Female,197.183.209.31
1003,Magnum,Tofful,mtoffulp2@google.com.hk,Male,121.77.38.127
1004,Beverlee,Copelli,bcopellip3@stanford.edu,Genderfluid,44.10.227.68
1005,Carma,Szymczyk,cszymczykp4@sbwire.com,Female,118.254.112.107
1006,Osmund,Quibell,oquibellp5@businesswire.com,Male,148.70.138.242
1007,Fayth,Goldspink,fgoldspinkp6@gov.uk,Female,211.10.4.244
1008,Cob,Leivesley,cleivesleyp7@naver.com,Male,133.187.132.210
1009,Camile,Geeraert,cgeeraertp8@vistaprint.com,Female,215.76.218.57
1010,Else,Slatford,eslatfordp9@thetimes.co.uk,Female,127.199.174.192
1011,Keri,Mellhuish,kmellhuishpa@berkeley.edu,Female,175.165.172.24
1012,Sherwin,Couvert,scouvertpb@cam.ac.uk,Male,192.76.152.20
1013,Jodie,Joiris,jjoirispc@list-manage.com,Male,95.246.164.246
1014,Bjorn,Sandhill,bsandhillpd@mail.ru,Male,134.122.255.42
1015,Wendell,Guilford,wguilfordpe@nasa.gov,Male,235.227.71.31
1016,Elvin,Pirson,epirsonpf@narod.ru,Male,74.244.217.177
1017,Lucy,Crumby,lcrumbypg@photobucket.com,Female,157.224.135.182
1018,Demetrius,Skilton,dskiltonph@aboutads.info,Male,14.108.36.191
1019,Letitia,Oxshott,loxshottpi@miitbeian.gov.cn,Female,175.42.225.133
1020,Lavinie,Platt,lplattpj@scribd.com,Female,219.35.136.159
1021,Aguistin,Southers,asoutherspk@opera.com,Male,250.122.120.83
1022,Theda,Scotchbrook,tscotchbrookpl@sfgate.com,Female,48.3.178.234
1023,Garik,Bolin,gbolinpm@google.de,Male,213.37.246.234
1024,Catarina,Denacamp,cdenacamppn@house.gov,Female,6.211.45.104
1025,Willi,Tuff,wtuffpo@wisc.edu,Male,191.235.222.80
1026,Annissa,Mixture,amixturepp@cam.ac.uk,Female,101.119.249.230
1027,Jules,Judgkins,jjudgkinspq@ed.gov,Male,38.166.53.254
1028,Sabra,Duchart,sduchartpr@weebly.com,Female,199.132.129.193
1029,Nickey,Romney,nromneyps@digg.com,Male,240.215.157.97
1030,Penrod,Buttress,pbuttresspt@buzzfeed.com,Male,217.245.220.193
1031,Cesya,Pifford,cpiffordpu@answers.com,Female,145.194.185.199
1032,Jim,Duplock,jduplockpv@unc.edu,Non-binary,237.83.22.99
1033,Trstram,Snowsill,tsnowsillpw@photobucket.com,Polygender,254.162.111.178
1034,Marla,Fruen,mfruenpx@usatoday.com,Female,108.207.29.106
1035,Bobby,Trowill,btrowillpy@cnet.com,Female,159.90.162.232
1036,Lynnell,Simeon,lsimeonpz@github.io,Female,235.151.101.84
1037,Car,Chataignier,cchataignierq0@usatoday.com,Male,173.79.133.248
1038,Adina,Forster,aforsterq1@dropbox.com,Female,41.67.165.92
1039,Townie,Akers,takersq2@lulu.com,Male,178.185.6.160
1040,Jard,Bilovus,jbilovusq3@dailymotion.com,Male,157.226.167.228
1041,Doe,Brooking,dbrookingq4@bbc.co.uk,Female,141.134.96.104
1042,Glennie,Ginnane,gginnaneq5@istockphoto.com,Female,10.204.229.253
1043,Ernestus,Souness,esounessq6@csmonitor.com,Genderqueer,138.102.29.203
1044,Giacobo,Dressel,gdresselq7@howstuffworks.com,Male,94.5.102.213
1045,Delmer,Hanhart,dhanhartq8@arizona.edu,Male,195.158.221.212
1046,Norry,Tuffin,ntuffinq9@google.es,Male,220.203.42.84
1047,Alethea,Parkes,aparkesqa@hao123.com,Bigender,36.5.238.245
1048,Claire,Dockree,cdockreeqb@google.it,Male,131.111.132.77
1049,Juline,Ashby,jashbyqc@hhs.gov,Female,164.126.228.244
1050,Casey,Morrall,cmorrallqd@artisteer.com,Polygender,162.255.80.163
1051,Delmer,Scadding,dscaddingqe@psu.edu,Male,167.230.217.25
1052,Urban,Gann,ugannqf@devhub.com,Male,83.241.14.152
1053,Mano,Crocker,mcrockerqg@comcast.net,Male,131.216.98.18
1054,Tommie,Normand,tnormandqh@macromedia.com,Male,96.10.18.62
1055,Ole,McTrustrie,omctrustrieqi@bluehost.com,Agender,191.149.138.59
1056,Pierson,Eardley,peardleyqj@army.mil,Male,34.82.183.237
1057,Livvy,Hupe,lhupeqk@senate.gov,Female,56.127.114.61
1058,Marten,Loosley,mloosleyql@seattletimes.com,Male,18.68.154.67
1059,Corrianne,Anders,candersqm@printfriendly.com,Female,121.173.135.170
1060,Janine,Crauford,jcraufordqn@stumbleupon.com,Polygender,85.74.218.19
1061,Greg,Flacknell,gflacknellqo@nature.com,Male,141.196.164.91
1062,Laurence,Arent,larentqp@livejournal.com,Male,115.161.36.64
1063,Erica,Rankcom,erankcomqq@theguardian.com,Polygender,97.255.89.132
1064,Brittani,Bonwick,bbonwickqr@com.com,Female,82.103.181.72
1065,Saxon,Sedgeman,ssedgemanqs@gravatar.com,Male,54.72.120.59
1066,Earlie,Bern,ebernqt@pinterest.com,Male,65.102.59.58
1067,Stanton,Kingswell,skingswellqu@businesswire.com,Male,114.219.84.6
1068,Hope,Arcase,harcaseqv@zimbio.com,Female,40.236.181.96
1069,Terza,Lanfare,tlanfareqw@storify.com,Female,36.97.153.195
1070,Zea,Pitone,zpitoneqx@icq.com,Female,207.237.171.43
1071,Hughie,Cockling,hcocklingqy@auda.org.au,Male,104.72.112.227
1072,Nina,Rickell,nrickellqz@smugmug.com,Female,171.60.97.96
1073,Kelli,Keme,kkemer0@vimeo.com,Female,246.231.199.194
1074,Almeda,Friese,afrieser1@independent.co.uk,Female,102.194.160.76
1075,Brianne,Okey,bokeyr2@etsy.com,Female,39.113.248.74
1076,Heywood,Dahlborg,hdahlborgr3@smugmug.com,Male,231.41.232.245
1077,Cale,Aery,caeryr4@yelp.com,Male,60.237.247.51
1078,Hewett,Christaeas,hchristaeasr5@squarespace.com,Male,118.120.26.238
1079,Simone,Andrioni,sandrionir6@pcworld.com,Male,206.37.146.83
1080,Farah,Farlow,ffarlowr7@opera.com,Female,86.254.189.78
1081,Barri,Godwyn,bgodwynr8@ow.ly,Male,116.171.57.195
1082,Montgomery,Grestie,mgrestier9@bigcartel.com,Male,72.131.186.222
1083,Tuck,Golsworthy,tgolsworthyra@washington.edu,Male,125.190.22.92
1084,Lizzy,Stenbridge,lstenbridgerb@gnu.org,Female,197.29.15.11
1085,Yetta,Coggell,ycoggellrc@usgs.gov,Female,41.57.78.17
1086,Carmina,Snalom,csnalomrd@amazon.co.jp,Female,234.126.82.83
1087,Roy,Ducker,rduckerre@sciencedaily.com,Male,112.2.194.98
1088,Caryl,Velte,cvelterf@theguardian.com,Female,96.17.23.142
1089,Elwyn,Smieton,esmietonrg@vistaprint.com,Male,194.59.168.126
1090,Husein,Buten,hbutenrh@bbb.org,Male,148.72.205.163
1091,Jaquelyn,Helks,jhelksri@marketwatch.com,Female,254.206.16.151
1092,Nelli,Caverhill,ncaverhillrj@si.edu,Female,57.220.224.160
1093,Bank,Cruces,bcrucesrk@tinyurl.com,Male,109.151.82.161
1094,Adorne,Noone,anoonerl@yellowbook.com,Female,68.38.63.233
1095,Bunny,Aymeric,baymericrm@ca.gov,Female,32.213.158.228
1096,Ashbey,Narey,anareyrn@samsung.com,Male,17.6.59.10
1097,Margaret,Goney,mgoneyro@blogtalkradio.com,Female,191.177.26.130
1098,Stella,Corben,scorbenrp@princeton.edu,Female,92.191.16.169
1099,Thorpe,Crafts,tcraftsrq@ameblo.jp,Male,146.177.55.149
1100,Kleon,Grishankov,kgrishankovrr@smh.com.au,Male,127.45.71.244
